NPRODUCTO,CONCURSO,R4,BOLSA,FECHA
40,3450,49,30700000,44304
40,3449,11,30200000,44300
40,3448,43,30100000,44297
40,3447,31,30000000,44293
40,3446,44,76200000,44290
40,3445,40,72200000,44286
40,3444,44,69000000,44283
40,3443,14,66200000,44279
40,3442,34,62200000,44276
40,3441,17,59000000,44272
40,3440,32,55400000,44269
40,3439,23,52300000,44265
40,3438,19,49000000,44262
40,3437,23,45500000,44258
40,3436,38,41300000,44255
40,3435,38,37900000,44251
40,3434,25,34300000,44248
40,3433,42,30900000,44244
40,3432,17,30700000,44241
40,3431,31,30600000,44237
40,3430,38,30500000,44234
40,3429,31,30400000,44230
40,3428,35,30300000,44227
40,3427,28,30200000,44223
40,3426,25,30100000,44220
40,3425,32,30000000,44216
40,3424,47,30500000,44213
40,3423,31,30400000,44209
40,3422,45,30300000,44206
40,3421,33,30200000,44202
40,3420,39,30100000,44199
40,3419,29,30000000,44195
40,3418,26,305700000,44192
40,3417,33,301500000,44188
40,3416,45,297100000,44185
40,3415,31,293200000,44181
40,3414,36,288600000,44178
40,3413,30,285200000,44174
40,3412,48,280800000,44171
40,3411,26,277200000,44167
40,3410,27,273600000,44164
40,3409,42,269800000,44160
40,3408,37,265800000,44157
40,3407,31,262300000,44153
40,3406,18,258700000,44150
40,3405,24,255500000,44146
40,3404,38,252000000,44143
40,3403,53,248100000,44139
40,3402,42,244000000,44136
40,3401,49,240500000,44132
40,3400,28,237700000,44129
40,3399,29,234500000,44125
40,3398,31,230500000,44122
40,3397,34,227100000,44118
40,3396,32,223100000,44115
40,3395,21,220000000,44111
40,3394,39,216000000,44108
40,3393,21,214000000,44104
40,3392,24,210000000,44101
40,3391,48,207000000,44097
40,3390,40,203500000,44094
40,3389,27,201000000,44090
40,3388,36,197000000,44087
40,3387,35,194600000,44083
40,3386,27,191800000,44080
40,3385,38,188500000,44076
40,3384,30,184800000,44073
40,3383,18,182600000,44069
40,3382,52,179500000,44066
40,3381,42,176700000,44062
40,3380,25,173900000,44059
40,3379,35,171400000,44055
40,3378,45,168500000,44052
40,3377,35,166000000,44048
40,3376,34,163000000,44045
40,3375,46,161000000,44041
40,3374,41,160900000,44038
40,3373,39,160800000,43922
40,3372,18,157000000,43919
40,3371,26,154900000,43915
40,3370,15,152500000,43912
40,3369,18,149700000,43908
40,3368,21,146300000,43905
40,3367,16,143800000,43901
40,3366,44,139700000,43898
40,3365,33,136400000,43894
40,3364,29,132000000,43891
40,3363,46,128600000,43887
40,3362,42,124300000,43884
40,3361,35,121100000,43880
40,3360,44,116900000,43877
40,3359,29,113800000,43873
40,3358,40,109700000,43870
40,3357,28,106600000,43866
40,3356,50,101900000,43863
40,3355,25,98800000,43859
40,3354,32,94500000,43856
40,3353,34,91000000,43852
40,3352,24,87400000,43849
40,3351,36,83500000,43845
40,3350,25,79500000,43842
40,3349,20,76100000,43838
40,3348,34,72200000,43835
40,3347,40,68800000,43831
40,3346,33,64700000,43828
40,3345,17,62900000,43824
40,3344,36,59000000,43821
40,3343,50,55300000,43817
40,3342,32,51200000,43814
40,3341,29,48000000,43810
40,3340,32,44500000,43807
40,3339,29,41000000,43803
40,3338,9,37500000,43800
40,3337,43,34000000,43796
40,3336,25,30900000,43793
40,3335,36,30700000,43789
40,3334,37,30600000,43786
40,3333,26,30500000,43782
40,3332,50,30400000,43779
40,3331,44,30300000,43775
40,3330,28,30200000,43772
40,3329,38,30100000,43768
40,3328,42,30000000,43765
40,3327,31,40000000,43761
40,3326,39,36500000,43758
40,3325,25,32900000,43754
40,3324,38,30700000,43751
40,3323,35,30600000,43747
40,3322,41,30500000,43744
40,3321,39,30400000,43740
40,3320,24,30300000,43737
40,3319,24,30200000,43733
40,3318,42,30100000,43730
40,3317,16,30000000,43726
40,3316,49,30500000,43723
40,3315,37,30400000,43719
40,3314,41,30300000,43716
40,3313,26,30200000,43712
40,3312,41,30100000,43709
40,3311,28,30000000,43705
40,3310,43,63400000,43702
40,3309,34,59600000,43698
40,3308,21,55700000,43695
40,3307,24,52400000,43691
40,3306,29,48600000,43688
40,3305,35,45000000,43684
40,3304,23,41300000,43681
40,3303,31,37700000,43677
40,3302,39,33800000,43674
40,3301,31,30700000,43670
40,3300,41,30600000,43667
40,3299,37,30500000,43663
40,3298,36,30400000,43660
40,3297,36,30300000,43656
40,3296,34,30200000,43653
40,3295,44,30100000,43649
40,3294,37,30000000,43646
40,3293,42,113200000,43642
40,3292,47,109300000,43639
40,3291,36,105700000,43635
40,3290,41,101600000,43632
40,3289,30,98000000,43628
40,3288,17,95600000,43625
40,3287,45,92000000,43621
40,3286,25,87800000,43618
40,3285,35,84000000,43614
40,3284,23,80600000,43611
40,3283,32,77300000,43607
40,3282,47,72900000,43604
40,3281,22,69700000,43600
40,3280,20,66000000,43597
40,3279,29,63300000,43593
40,3278,45,59200000,43590
40,3277,24,56300000,43586
40,3276,23,52400000,43583
40,3275,47,49500000,43579
40,3274,26,46300000,43576
40,3273,36,43300000,43572
40,3272,15,40300000,43569
40,3271,34,37300000,43565
40,3270,34,33400000,43562
40,3269,34,30600000,43558
40,3268,38,30500000,43555
40,3267,39,30400000,43551
40,3266,23,30300000,43548
40,3265,36,30200000,43544
40,3264,27,30100000,43541
40,3263,24,30000000,43537
40,3262,26,76000000,43534
40,3261,30,72300000,43530
40,3260,25,68000000,43527
40,3259,31,64400000,43523
40,3258,26,60000000,43520
40,3257,13,57800000,43516
40,3256,34,53500000,43513
40,3255,37,49700000,43509
40,3254,38,45000000,43506
40,3253,23,41600000,43502
40,3252,33,37700000,43499
40,3251,22,34900000,43495
40,3250,15,30900000,43492
40,3249,43,30600000,43488
40,3248,19,30500000,43485
40,3247,18,30400000,43481
40,3246,27,30300000,43478
40,3245,38,30200000,43474
40,3244,31,30100000,43471
40,3243,16,30000000,43467
40,3242,8,30000000,43464
40,3241,30,35900000,43460
40,3240,38,31500000,43457
40,3239,24,30600000,43453
40,3238,41,30500000,43450
40,3237,25,30400000,43446
40,3236,36,30300000,43443
40,3235,30,30200000,43439
40,3234,34,30100000,43436
40,3233,12,30000000,43432
40,3232,33,30400000,43429
40,3231,35,30300000,43425
40,3230,35,30200000,43422
40,3229,39,30100000,43418
40,3228,52,30000000,43415
40,3227,14,168300000,43411
40,3226,34,163500000,43408
40,3225,18,160500000,43404
40,3224,33,155700000,43401
40,3223,49,151800000,43397
40,3222,30,147700000,43394
40,3221,20,144000000,43390
40,3220,39,139500000,43387
40,3219,34,135900000,43383
40,3218,29,131600000,43380
40,3217,48,127500000,43376
40,3216,40,122600000,43373
40,3215,40,119000000,43369
40,3214,34,115000000,43366
40,3213,36,111500000,43362
40,3212,43,107800000,43359
40,3211,33,104300000,43355
40,3210,34,100000000,43352
40,3209,25,96700000,43348
40,3208,31,92500000,43345
40,3207,40,88800000,43341
40,3206,31,85700000,43338
40,3205,36,82600000,43334
40,3204,48,78300000,43331
40,3203,35,74900000,43327
40,3202,22,71700000,43324
40,3201,23,68500000,43320
40,3200,39,64500000,43317
40,3199,38,60000000,43313
40,3198,44,56000000,43310
40,3197,40,52800000,43306
40,3196,44,48700000,43303
40,3195,34,45500000,43299
40,3194,19,42000000,43296
40,3193,41,39000000,43292
40,3192,41,35000000,43289
40,3191,37,31900000,43285
40,3190,36,30700000,43282
40,3189,37,30600000,43278
40,3188,33,30500000,43275
40,3187,22,30400000,43271
40,3186,30,30300000,43268
40,3185,21,30200000,43264
40,3184,47,30100000,43261
40,3183,30,30000000,43257
40,3182,20,126200000,43254
40,3181,37,122700000,43250
40,3180,33,119200000,43247
40,3179,29,116500000,43243
40,3178,46,112100000,43240
40,3177,24,108500000,43236
40,3176,51,104500000,43233
40,3175,53,100900000,43229
40,3174,48,96800000,43226
40,3173,21,93800000,43222
40,3172,42,89500000,43219
40,3171,20,86200000,43215
40,3170,32,82700000,43212
40,3169,22,79700000,43208
40,3168,33,75900000,43205
40,3167,25,72900000,43201
40,3166,35,68800000,43198
40,3165,19,65900000,43194
40,3164,44,63000000,43191
40,3163,32,60000000,43187
40,3162,46,55900000,43184
40,3161,40,52700000,43180
40,3160,36,49000000,43177
40,3159,33,45700000,43173
40,3158,42,41700000,43170
40,3157,25,38500000,43166
40,3156,28,34800000,43163
40,3155,27,31800000,43159
40,3154,24,30600000,43156
40,3153,24,30600000,43152
40,3152,41,30500000,43149
40,3151,52,30400000,43145
40,3150,44,30300000,43142
40,3149,34,30200000,43138
40,3148,34,30100000,43135
40,3147,34,30000000,43131
40,3146,39,39500000,43128
40,3145,25,37000000,43124
40,3144,25,34000000,43121
40,3143,28,31000000,43117
40,3142,35,30700000,43114
40,3141,25,30600000,43110
40,3140,32,30500000,43107
40,3139,36,30400000,43103
40,3138,16,30300000,43100
40,3137,38,30200000,43096
40,3136,23,30100000,43093
40,3135,19,30000000,43089
40,3134,47,31900000,43086
40,3133,35,30800000,43082
40,3132,21,30700000,43079
40,3131,35,30600000,43075
40,3130,29,30500000,43072
40,3129,42,30400000,43068
40,3128,27,30300000,43065
40,3127,33,30200000,43061
40,3126,16,30100000,43058
40,3125,17,30000000,43054
40,3124,14,174400000,43051
40,3123,19,171500000,43047
40,3122,36,167500000,43044
40,3121,36,164900000,43040
40,3120,43,160700000,43037
40,3119,33,157500000,43033
40,3118,39,154000000,43030
40,3117,32,151000000,43026
40,3116,10,148000000,43023
40,3115,42,145000000,43019
40,3114,40,141000000,43016
40,3113,38,137000000,43012
40,3112,36,133000000,43009
40,3111,23,130000000,43005
40,3110,39,127000000,43002
40,3109,40,125000000,42998
40,3108,40,121000000,42995
40,3107,21,118000000,42991
40,3106,34,114500000,42988
40,3105,48,111000000,42984
40,3104,38,107000000,42981
40,3103,21,104000000,42977
40,3102,35,100000000,42974
40,3101,30,97500000,42970
40,3100,21,95000000,42967
40,3099,42,91500000,42963
40,3098,29,88000000,42960
40,3097,40,85500000,42956
40,3096,19,82000000,42953
40,3095,19,78500000,42949
40,3094,47,75000000,42946
40,3093,30,72000000,42942
40,3092,34,69000000,42939
40,3091,22,66500000,42935
40,3090,38,63000000,42932
40,3089,36,60000000,42928
40,3088,26,57000000,42925
40,3087,45,53800000,42921
40,3086,32,50500000,42918
40,3085,20,47900000,42914
40,3084,32,44500000,42911
40,3083,26,41400000,42907
40,3082,53,38000000,42904
40,3081,25,35000000,42900
40,3080,43,31500000,42897
40,3079,30,30800000,42893
40,3078,35,30700000,42890
40,3077,26,30600000,42886
40,3076,35,30500000,42883
40,3075,42,30400000,42879
40,3074,26,30300000,42876
40,3073,32,30200000,42872
40,3072,42,30100000,42869
40,3071,40,30000000,42865
40,3070,35,42000000,42862
40,3069,50,38500000,42858
40,3068,24,35200000,42855
40,3067,31,32600000,42851
40,3066,13,30900000,42848
40,3065,29,30800000,42844
40,3064,37,30700000,42841
40,3063,37,30600000,42837
40,3062,23,30500000,42834
40,3061,31,30400000,42830
40,3060,40,30300000,42827
40,3059,25,30200000,42823
40,3058,12,30100000,42820
40,3057,29,30000000,42816
40,3056,19,110700000,42813
40,3055,36,108000000,42809
40,3054,34,104000000,42806
40,3053,43,101200000,42802
40,3052,40,97200000,42799
40,3051,48,93800000,42795
40,3050,36,90000000,42792
40,3049,30,87000000,42788
40,3048,37,83000000,42785
40,3047,21,80000000,42781
40,3046,29,76500000,42778
40,3045,40,73000000,42774
40,3044,37,69300000,42771
40,3043,21,66000000,42767
40,3042,42,63000000,42764
40,3041,25,60000000,42760
40,3040,43,56000000,42757
40,3039,36,52500000,42753
40,3038,36,49000000,42750
40,3037,41,45000000,42746
40,3036,42,40300000,42743
40,3035,23,38500000,42739
40,3034,49,34000000,42736
40,3033,33,30800000,42732
40,3032,20,30700000,42729
40,3031,33,30600000,42725
40,3030,28,30500000,42722
40,3029,25,30400000,42718
40,3028,26,30300000,42715
40,3027,34,30200000,42711
40,3026,27,30100000,42708
40,3025,31,30000000,42704
40,3024,22,384000000,42701
40,3023,45,379000000,42697
40,3022,40,374000000,42694
40,3021,34,370000000,42690
40,3020,22,365500000,42687
40,3019,35,361000000,42683
40,3018,21,356000000,42680
40,3017,37,352000000,42676
40,3016,47,347000000,42673
40,3015,37,342000000,42669
40,3014,29,337000000,42666
40,3013,44,333000000,42662
40,3012,25,329000000,42659
40,3011,28,325000000,42655
40,3010,25,320000000,42652
40,3009,22,316500000,42648
40,3008,26,312500000,42645
40,3007,29,309000000,42641
40,3006,26,304000000,42638
40,3005,46,300000000,42634
40,3004,47,295000000,42631
40,3003,21,292000000,42627
40,3002,39,287000000,42624
40,3001,39,283000000,42620
40,3000,39,277000000,42617
40,2999,21,273400000,42613
40,2998,38,269000000,42610
40,2997,28,265000000,42606
40,2996,45,259900000,42603
40,2995,31,256000000,42599
40,2994,33,251000000,42596
40,2993,31,247500000,42592
40,2992,30,242500000,42589
40,2991,44,238000000,42585
40,2990,33,234000000,42582
40,2989,41,230000000,42578
40,2988,33,226000000,42575
40,2987,43,222000000,42571
40,2986,15,218000000,42568
40,2985,26,213000000,42564
40,2984,25,209000000,42561
40,2983,36,205000000,42557
40,2982,47,200500000,42554
40,2981,18,196500000,42550
40,2980,29,192000000,42547
40,2979,32,188000000,42543
40,2978,30,183500000,42540
40,2977,29,180000000,42536
40,2976,43,176000000,42533
40,2975,28,172000000,42529
40,2974,24,167400000,42526
40,2973,24,164000000,42522
40,2972,31,160700000,42519
40,2971,30,157500000,42515
40,2970,32,153000000,42512
40,2969,38,149400000,42508
40,2968,15,145400000,42505
40,2967,17,142000000,42501
40,2966,33,137000000,42498
40,2965,5,133700000,42494
40,2964,31,129800000,42491
40,2963,35,125900000,42487
40,2962,42,121000000,42484
40,2961,37,117500000,42480
40,2960,19,113000000,42477
40,2959,15,110400000,42473
40,2958,29,107000000,42470
40,2957,20,103000000,42466
40,2956,50,98000000,42463
40,2955,47,95000000,42459
40,2954,31,90000000,42456
40,2953,40,86000000,42452
40,2952,44,82000000,42449
40,2951,39,78500000,42445
40,2950,34,74600000,42442
40,2949,42,71000000,42438
40,2948,16,67000000,42435
40,2947,17,64000000,42431
40,2946,38,59000000,42428
40,2945,26,56000000,42424
40,2944,20,52000000,42421
40,2943,23,48500000,42417
40,2942,42,44000000,42414
40,2941,38,40000000,42410
40,2940,48,35000000,42407
40,2939,33,34000000,42403
40,2938,29,33500000,42400
40,2937,50,33000000,42396
40,2936,45,32500000,42393
40,2935,31,31500000,42389
40,2934,43,31000000,42386
40,2933,40,30000000,42382
40,2932,39,124000000,42379
40,2931,43,119000000,42375
40,2930,16,115000000,42372
40,2929,30,110000000,42368
40,2928,32,107500000,42365
40,2927,38,102500000,42361
40,2926,28,98000000,42358
40,2925,38,93000000,42354
40,2924,32,88000000,42351
40,2923,21,85000000,42347
40,2922,21,80000000,42344
40,2921,40,76000000,42340
40,2920,35,71500000,42337
40,2919,38,68000000,42333
40,2918,18,64000000,42330
40,2917,49,59500000,42326
40,2916,18,55500000,42323
40,2915,34,52000000,42319
40,2914,25,48000000,42316
40,2913,30,44500000,42312
40,2912,28,40000000,42309
40,2911,37,38000000,42305
40,2910,25,37000000,42302
40,2909,30,36000000,42298
40,2908,33,35000000,42295
40,2907,25,34000000,42291
40,2906,37,33000000,42288
40,2905,45,32000000,42284
40,2904,36,31000000,42281
40,2903,24,30000000,42277
40,2902,27,546000000,42274
40,2901,25,541000000,42270
40,2900,20,535000000,42267
40,2899,33,530500000,42263
40,2898,33,524500000,42260
40,2897,25,521000000,42256
40,2896,41,515000000,42253
40,2895,38,509000000,42249
40,2894,26,503500000,42246
40,2893,32,498500000,42242
40,2892,24,493000000,42239
40,2891,28,488500000,42235
40,2890,26,483500000,42232
40,2889,28,478500000,42228
40,2888,35,473000000,42225
40,2887,33,468000000,42221
40,2886,29,462500000,42218
40,2885,27,458000000,42214
40,2884,35,452500000,42211
40,2883,32,448000000,42207
40,2882,30,442500000,42204
40,2881,48,437000000,42200
40,2880,32,432000000,42197
40,2879,32,428000000,42193
40,2878,17,423000000,42190
40,2877,29,418000000,42186
40,2876,30,412500000,42183
40,2875,38,408000000,42179
40,2874,25,404000000,42176
40,2873,17,400000000,42172
40,2872,22,394500000,42169
40,2871,36,390000000,42165
40,2870,45,384500000,42162
40,2869,35,379000000,42158
40,2868,33,374000000,42155
40,2867,38,370000000,42151
40,2866,34,364500000,42148
40,2865,19,361000000,42144
40,2864,29,357000000,42141
40,2863,36,353000000,42137
40,2862,40,348000000,42134
40,2861,36,344000000,42130
40,2860,35,339000000,42127
40,2859,44,334500000,42123
40,2858,37,329500000,42120
40,2857,24,325500000,42116
40,2856,24,320500000,42113
40,2855,18,316000000,42109
40,2854,31,311000000,42106
40,2853,42,306000000,42102
40,2852,15,302000000,42099
40,2851,32,297000000,42095
40,2850,38,293500000,42092
40,2849,43,289000000,42088
40,2848,41,283500000,42085
40,2847,49,279000000,42081
40,2846,29,274000000,42078
40,2845,23,270500000,42074
40,2844,24,265500000,42071
40,2843,31,261500000,42067
40,2842,35,256000000,42064
40,2841,47,252000000,42060
40,2840,44,247000000,42057
40,2839,34,242500000,42053
40,2838,20,238000000,42050
40,2837,45,233500000,42046
40,2836,24,229000000,42043
40,2835,27,225000000,42039
40,2834,32,220000000,42036
40,2833,32,216000000,42032
40,2832,41,211000000,42029
40,2831,28,207000000,42025
40,2830,41,203000000,42022
40,2829,40,198000000,42018
40,2828,30,193000000,42015
40,2827,25,189500000,42011
40,2826,46,184000000,42008
40,2825,38,179000000,42004
40,2824,36,174000000,42001
40,2823,43,169000000,41997
40,2822,43,165000000,41994
40,2821,33,162500000,41990
40,2820,32,158000000,41987
40,2819,30,154000000,41983
40,2818,44,149000000,41980
40,2817,35,145500000,41976
40,2816,38,140000000,41973
40,2815,23,137000000,41969
40,2814,26,133000000,41966
40,2813,23,129000000,41962
40,2812,34,123500000,41959
40,2811,36,119000000,41955
40,2810,46,112500000,41952
40,2809,34,107000000,41948
40,2808,31,101000000,41945
40,2807,28,98000000,41941
40,2806,29,93000000,41938
40,2805,22,90000000,41934
40,2804,28,85000000,41931
40,2803,21,81500000,41927
40,2802,29,76500000,41924
40,2801,50,72000000,41920
40,2800,37,67000000,41917
40,2799,28,62000000,41913
40,2798,42,57000000,41910
40,2797,29,53000000,41906
40,2796,48,47000000,41903
40,2795,27,43500000,41899
40,2794,37,38500000,41896
40,2793,43,36000000,41892
40,2792,22,35000000,41889
40,2791,37,34000000,41885
40,2790,52,33000000,41882
40,2789,48,32000000,41878
40,2788,41,31000000,41875
40,2787,24,30000000,41871
40,2786,30,247000000,41868
40,2785,35,243000000,41864
40,2784,38,237000000,41861
40,2783,39,231500000,41857
40,2782,19,226000000,41854
40,2781,17,222000000,41850
40,2780,8,216500000,41847
40,2779,42,212500000,41843
40,2778,22,208000000,41840
40,2777,31,203000000,41836
40,2776,32,198000000,41833
40,2775,34,194000000,41829
40,2774,36,188000000,41826
40,2773,42,183000000,41822
40,2772,34,178000000,41819
40,2771,40,174000000,41815
40,2770,51,168000000,41812
40,2769,33,165000000,41808
40,2768,51,159000000,41805
40,2767,27,156000000,41801
40,2766,34,151000000,41798
40,2765,28,146500000,41794
40,2764,45,140500000,41791
40,2763,22,137000000,41787
40,2762,43,131000000,41784
40,2761,36,127000000,41780
40,2760,40,121000000,41777
40,2759,50,116500000,41773
40,2758,46,111000000,41770
40,2757,48,106500000,41766
40,2756,34,101500000,41763
40,2755,31,97000000,41759
40,2754,35,91500000,41756
40,2753,39,87000000,41752
40,2752,22,83000000,41749
40,2751,30,79000000,41745
40,2750,25,75000000,41742
40,2749,36,71000000,41738
40,2748,42,66500000,41735
40,2747,51,61500000,41731
40,2746,38,57000000,41728
40,2745,29,53000000,41724
40,2744,19,49000000,41721
40,2743,31,44500000,41717
40,2742,44,39000000,41714
40,2741,21,37000000,41710
40,2740,44,36000000,41707
40,2739,24,35000000,41703
40,2738,21,34000000,41700
40,2737,29,33000000,41696
40,2736,39,32000000,41693
40,2735,30,31000000,41689
40,2734,27,30000000,41686
40,2733,24,181500000,41682
40,2732,28,176000000,41679
40,2731,26,172500000,41675
40,2730,23,168000000,41672
40,2729,44,164000000,41668
40,2728,31,158500000,41665
40,2727,16,155000000,41661
40,2726,26,151000000,41658
40,2725,32,146000000,41654
40,2724,33,141500000,41651
40,2723,23,137000000,41647
40,2722,48,131000000,41644
40,2721,25,128000000,41640
40,2720,41,121500000,41637
40,2719,35,117000000,41633
40,2718,32,113000000,41630
40,2717,44,108500000,41626
40,2716,46,103000000,41623
40,2715,20,99000000,41619
40,2714,28,95000000,41616
40,2713,25,90000000,41612
40,2712,35,85500000,41609
40,2711,37,82000000,41605
40,2710,42,77000000,41602
40,2709,30,72000000,41598
40,2708,43,68000000,41595
40,2707,30,64000000,41591
40,2706,25,60000000,41588
40,2705,34,56000000,41584
40,2704,39,51000000,41581
40,2703,20,47000000,41577
40,2702,37,43000000,41574
40,2701,26,40000000,41570
40,2700,28,37000000,41567
40,2699,27,36000000,41563
40,2698,30,35000000,41560
40,2697,33,34000000,41556
40,2696,52,33000000,41553
40,2695,16,32000000,41549
40,2694,45,31000000,41546
40,2693,29,30000000,41542
40,2692,44,65000000,41539
40,2691,17,62000000,41535
40,2690,23,57000000,41532
40,2689,32,54000000,41528
40,2688,31,49000000,41525
40,2687,24,45000000,41521
40,2686,31,40000000,41518
40,2685,39,37000000,41514
40,2684,30,36000000,41511
40,2683,22,35000000,41507
40,2682,17,34000000,41504
40,2681,20,33000000,41500
40,2680,25,32000000,41497
40,2679,26,31000000,41493
40,2678,28,30000000,41490
40,2677,27,639500000,41486
40,2676,40,632500000,41483
40,2675,35,627000000,41479
40,2674,43,619000000,41476
40,2673,44,612500000,41472
40,2672,31,605500000,41469
40,2671,44,598500000,41465
40,2670,44,591000000,41462
40,2669,36,584000000,41458
40,2668,35,576000000,41455
40,2667,34,569000000,41451
40,2666,35,559000000,41448
40,2665,27,551000000,41444
40,2664,32,542000000,41441
40,2663,28,535500000,41437
40,2662,33,526000000,41434
40,2661,41,518000000,41430
40,2660,24,510500000,41427
40,2659,46,502000000,41423
40,2658,28,494500000,41420
40,2657,33,488000000,41416
40,2656,43,480000000,41413
40,2655,34,472000000,41409
40,2654,46,464000000,41406
40,2653,27,456000000,41402
40,2652,39,447000000,41399
40,2651,25,442000000,41395
40,2650,38,434000000,41392
40,2649,36,427000000,41388
40,2648,17,420000000,41385
40,2647,38,412500000,41381
40,2646,33,405000000,41378
40,2645,44,398000000,41374
40,2644,22,391000000,41371
40,2643,18,386000000,41367
40,2642,26,379000000,41364
40,2641,21,374000000,41360
40,2640,34,368000000,41357
40,2639,23,362500000,41353
40,2638,47,354500000,41350
40,2637,29,349000000,41346
40,2636,19,343000000,41343
40,2635,16,338000000,41339
40,2634,38,330000000,41336
40,2633,43,324000000,41332
40,2632,24,318000000,41329
40,2631,31,312500000,41325
40,2630,35,306500000,41322
40,2629,20,301000000,41318
40,2628,32,295000000,41315
40,2627,46,289000000,41311
40,2626,24,283500000,41308
40,2625,15,278500000,41304
40,2624,36,273000000,41301
40,2623,30,267500000,41297
40,2622,22,261500000,41294
40,2621,43,255500000,41290
40,2620,43,249500000,41287
40,2619,36,244000000,41283
40,2618,33,238000000,41280
40,2617,41,233000000,41276
40,2616,25,227000000,41273
40,2615,53,223000000,41269
40,2614,47,216000000,41266
40,2613,23,212000000,41262
40,2612,46,206000000,41259
40,2611,48,201000000,41255
40,2610,38,195500000,41252
40,2609,22,191000000,41248
40,2608,41,185000000,41245
40,2607,31,181000000,41241
40,2606,41,177000000,41238
40,2605,40,173000000,41234
40,2604,35,168000000,41231
40,2603,36,163000000,41227
40,2602,20,158000000,41224
40,2601,42,154000000,41220
40,2600,29,149000000,41217
40,2599,49,145000000,41213
40,2598,50,140000000,41210
40,2597,48,136000000,41206
40,2596,20,130000000,41203
40,2595,19,126000000,41199
40,2594,32,122000000,41196
40,2593,25,119000000,41192
40,2592,29,114500000,41189
40,2591,23,110000000,41185
40,2590,34,105000000,41182
40,2589,24,102500000,41178
40,2588,25,99000000,41175
40,2587,18,95000000,41171
40,2586,28,91500000,41168
40,2585,21,88000000,41164
40,2584,33,84000000,41161
40,2583,32,80000000,41157
40,2582,31,75000000,41154
40,2581,33,72000000,41150
40,2580,45,67000000,41147
40,2579,32,63000000,41143
40,2578,35,59000000,41140
40,2577,27,55000000,41136
40,2576,27,51000000,41133
40,2575,30,48000000,41129
40,2574,35,44000000,41126
40,2573,50,39000000,41122
40,2572,21,38000000,41119
40,2571,46,37000000,41115
40,2570,41,36000000,41112
40,2569,32,35000000,41108
40,2568,46,34000000,41105
40,2567,20,33000000,41101
40,2566,23,32000000,41098
40,2565,37,31000000,41094
40,2564,46,30000000,41091
40,2563,47,182000000,41087
40,2562,26,177000000,41084
40,2561,46,172000000,41080
40,2560,25,167000000,41077
40,2559,38,162000000,41073
40,2558,40,156000000,41070
40,2557,22,152000000,41066
40,2556,35,147000000,41063
40,2555,43,141000000,41059
40,2554,43,136000000,41056
40,2553,33,131000000,41052
40,2552,42,125000000,41049
40,2551,10,121000000,41045
40,2550,30,116000000,41042
40,2549,31,111000000,41038
40,2548,23,106000000,41035
40,2547,26,102000000,41031
40,2546,42,97000000,41028
40,2545,22,94000000,41024
40,2544,19,89000000,41021
40,2543,45,84000000,41017
40,2542,46,77000000,41014
40,2541,35,72000000,41010
40,2540,42,67000000,41007
40,2539,26,62000000,41003
40,2538,23,59000000,41000
40,2537,22,55000000,40996
40,2536,27,50000000,40993
40,2535,34,46000000,40989
40,2534,21,41000000,40986
40,2533,36,37000000,40982
40,2532,45,36000000,40979
40,2531,32,35000000,40975
40,2530,32,34000000,40972
40,2529,27,33000000,40968
40,2528,18,32000000,40965
40,2527,34,31000000,40961
40,2526,37,30000000,40958
40,2525,39,37000000,40954
40,2524,35,36000000,40951
40,2523,33,35000000,40947
40,2522,41,34000000,40944
40,2521,31,33000000,40940
40,2520,25,32000000,40937
40,2519,26,31000000,40933
40,2518,24,30000000,40930
40,2517,32,112000000,40926
40,2516,33,106000000,40923
40,2515,24,101000000,40919
40,2514,42,95000000,40916
40,2513,41,90000000,40912
40,2512,46,84000000,40909
40,2511,19,79000000,40905
40,2510,39,75000000,40902
40,2509,26,70000000,40898
40,2508,39,64000000,40895
40,2507,40,59000000,40891
40,2506,13,55000000,40888
40,2505,53,50000000,40884
40,2504,25,45000000,40881
40,2503,41,40000000,40877
40,2502,39,36000000,40874
40,2501,34,35000000,40870
40,2500,20,34000000,40867
40,2499,50,33000000,40863
40,2498,16,32000000,40860
40,2497,49,31000000,40856
40,2496,22,30000000,40853
40,2495,26,282000000,40849
40,2494,24,276000000,40846
40,2493,15,270000000,40842
40,2492,31,263000000,40839
40,2491,50,257000000,40835
40,2490,19,252000000,40832
40,2489,25,247000000,40828
40,2488,19,241000000,40825
40,2487,21,236000000,40821
40,2486,28,229000000,40818
40,2485,40,223000000,40814
40,2484,14,218000000,40811
40,2483,46,212000000,40807
40,2482,33,207000000,40804
40,2481,34,202000000,40800
40,2480,47,196000000,40797
40,2479,43,190000000,40793
40,2478,33,184000000,40790
40,2477,44,179000000,40786
40,2476,47,172000000,40783
40,2475,37,167000000,40779
40,2474,40,161000000,40776
40,2473,14,157000000,40772
40,2472,50,150000000,40769
40,2471,23,145000000,40765
40,2470,50,139000000,40762
40,2469,36,134000000,40758
40,2468,38,128000000,40755
40,2467,44,123000000,40751
40,2466,29,118000000,40748
40,2465,24,114000000,40744
40,2464,29,108000000,40741
40,2463,45,103000000,40737
40,2462,27,98000000,40734
40,2461,39,93000000,40730
40,2460,46,87000000,40727
40,2459,45,82000000,40723
40,2458,45,76000000,40720
40,2457,35,71000000,40716
40,2456,39,64000000,40713
40,2455,32,59000000,40709
40,2454,46,53000000,40706
40,2453,26,48000000,40702
40,2452,18,43000000,40699
40,2451,49,37000000,40695
40,2450,19,35000000,40692
40,2449,34,34000000,40688
40,2448,11,33000000,40685
40,2447,41,32000000,40681
40,2446,41,31000000,40678
40,2445,37,30000000,40674
40,2444,30,249000000,40671
40,2443,50,241000000,40667
40,2442,41,230000000,40664
40,2441,17,224000000,40660
40,2440,38,217000000,40657
40,2439,13,211000000,40653
40,2438,32,203000000,40650
40,2437,25,196000000,40646
40,2436,18,189000000,40643
40,2435,20,182000000,40639
40,2434,49,174000000,40636
40,2433,35,168000000,40632
40,2432,37,160000000,40629
40,2431,35,153000000,40625
40,2430,36,146000000,40622
40,2429,31,140000000,40618
40,2428,21,134000000,40615
40,2427,28,128000000,40611
40,2426,17,122000000,40608
40,2425,13,117000000,40604
40,2424,18,110000000,40601
40,2423,16,105000000,40597
40,2422,35,98000000,40594
40,2421,41,92000000,40590
40,2420,32,86000000,40587
40,2419,52,80000000,40583
40,2418,23,75000000,40580
40,2417,54,68000000,40576
40,2416,37,62000000,40573
40,2415,54,56000000,40569
40,2414,50,49000000,40566
40,2413,35,43000000,40562
40,2412,28,36000000,40559
40,2411,14,34000000,40555
40,2410,42,33000000,40552
40,2409,28,32000000,40548
40,2408,40,31000000,40545
40,2407,32,30000000,40541
40,2406,28,121000000,40538
40,2405,37,114000000,40534
40,2404,37,107000000,40531
40,2403,24,102000000,40527
40,2402,25,95000000,40524
40,2401,31,87000000,40520
40,2400,19,82000000,40517
40,2399,21,75000000,40513
40,2398,33,69000000,40510
40,2397,35,64000000,40506
40,2396,22,57000000,40503
40,2395,37,51000000,40499
40,2394,41,44000000,40496
40,2393,38,38000000,40492
40,2392,25,34000000,40489
40,2391,28,33000000,40485
40,2390,44,32000000,40482
40,2389,22,31000000,40478
40,2388,39,30000000,40475
40,2387,30,39000000,40471
40,2386,40,34000000,40468
40,2385,16,33000000,40464
40,2384,21,32000000,40461
40,2383,29,31000000,40457
40,2382,45,30000000,40454
40,2381,23,30000000,40450
40,2380,16,239000000,40447
40,2379,41,232000000,40443
40,2378,28,225000000,40440
40,2377,32,216000000,40436
40,2376,15,209000000,40433
40,2375,24,202000000,40429
40,2374,33,194000000,40426
40,2373,38,187000000,40422
40,2372,40,179000000,40419
40,2371,52,170000000,40415
40,2370,24,158000000,40412
40,2369,40,149000000,40408
40,2368,41,138000000,40405
40,2367,42,130000000,40401
40,2366,27,120000000,40398
40,2365,44,111000000,40394
40,2364,34,101000000,40391
40,2363,53,91000000,40387
40,2362,52,81000000,40384
40,2361,34,72000000,40380
40,2360,42,61000000,40377
40,2359,39,52000000,40373
40,2358,35,42000000,40370
40,2357,33,35000000,40366
40,2356,36,31000000,40363
40,2355,26,30000000,40359
40,2354,35,379000000,40356
40,2353,31,364000000,40352
40,2352,35,346000000,40349
40,2351,12,332000000,40345
40,2350,38,314000000,40342
40,2349,52,297000000,40338
40,2348,36,281000000,40335
40,2347,33,266000000,40331
40,2346,34,248000000,40328
40,2345,30,234000000,40324
40,2344,37,220000000,40321
40,2343,25,209000000,40317
40,2342,26,197000000,40314
40,2341,33,185000000,40310
40,2340,48,173000000,40307
40,2339,41,162000000,40303
40,2338,47,150000000,40300
40,2337,39,140000000,40296
40,2336,39,130000000,40293
40,2335,22,121000000,40289
40,2334,38,110000000,40286
40,2333,38,101000000,40282
40,2332,14,93000000,40279
40,2331,26,84000000,40275
40,2330,36,76000000,40272
40,2329,28,68000000,40268
40,2328,48,58000000,40265
40,2327,47,50000000,40261
40,2326,39,40000000,40258
40,2325,47,33000000,40254
40,2324,28,32000000,40251
40,2323,32,31000000,40247
40,2322,34,30000000,40244
40,2321,34,70000000,40240
40,2320,29,60000000,40237
40,2319,43,53000000,40233
40,2318,40,43000000,40230
40,2317,19,36000000,40226
40,2316,26,32000000,40223
40,2315,30,31000000,40219
40,2314,24,30000000,40216
40,2313,49,244000000,40212
40,2312,23,228000000,40209
40,2311,36,215000000,40205
40,2310,39,200000000,40202
40,2309,34,189000000,40198
40,2308,36,177000000,40195
40,2307,45,166000000,40191
40,2306,36,153000000,40188
40,2305,23,142000000,40184
40,2304,23,130000000,40181
40,2303,25,122000000,40177
40,2302,20,110000000,40174
40,2301,34,102000000,40170
40,2300,38,93000000,40167
40,2299,17,84000000,40163
40,2298,34,75000000,40160
40,2297,20,68000000,40156
40,2296,30,59000000,40153
40,2295,28,51000000,40149
40,2294,32,43000000,40146
40,2293,25,36000000,40142
40,2292,43,33000000,40139
40,2291,12,32000000,40135
40,2290,42,31000000,40132
40,2289,33,30000000,40128
40,2288,43,60000000,40125
40,2287,26,52000000,40121
40,2286,43,44000000,40118
40,2285,45,36000000,40114
40,2284,14,33000000,40111
40,2283,39,32000000,40107
40,2282,16,31000000,40104
40,2281,14,30000000,40100
40,2280,27,33000000,40097
40,2279,21,32000000,40093
40,2278,34,31000000,40090
40,2277,42,30000000,40086
40,2276,28,141000000,40083
40,2275,41,133000000,40079
40,2274,29,124000000,40076
40,2273,34,116000000,40072
40,2272,25,108000000,40069
40,2271,28,100000000,40065
40,2270,31,91000000,40062
40,2269,34,84000000,40058
40,2268,42,75000000,40055
40,2267,38,68000000,40051
40,2266,40,60000000,40048
40,2265,32,53000000,40044
40,2264,48,45000000,40041
40,2263,50,37000000,40037
40,2262,41,33000000,40034
40,2261,47,32000000,40030
40,2260,52,31000000,40027
40,2259,40,30000000,40023
40,2258,25,199000000,40020
40,2257,45,187000000,40016
40,2256,43,175000000,40013
40,2255,42,164000000,40009
40,2254,36,153000000,40006
40,2253,41,143000000,40002
40,2252,34,132000000,39999
40,2251,25,124000000,39995
40,2250,50,113000000,39992
40,2249,22,106000000,39988
40,2248,28,97000000,39985
40,2247,31,89000000,39981
40,2246,33,81000000,39978
40,2245,42,73000000,39974
40,2244,33,65000000,39971
40,2243,42,57000000,39967
40,2242,33,48000000,39964
40,2241,37,42000000,39960
40,2240,29,34000000,39957
40,2239,23,33000000,39953
40,2238,19,32000000,39950
40,2237,30,31000000,39946
40,2236,35,30000000,39943
40,2235,42,213000000,39939
40,2234,43,0,39936
40,2233,35,190000000,39932
40,2232,27,180000000,39929
40,2231,21,170000000,39925
40,2230,26,159000000,39922
40,2229,34,150000000,39918
40,2228,33,142000000,39915
40,2227,20,134000000,39911
40,2226,32,126000000,39908
40,2225,40,117000000,39904
40,2224,30,107000000,39901
40,2223,21,100000000,39897
40,2222,49,90000000,39894
40,2221,27,84000000,39890
40,2220,19,76000000,39887
40,2219,25,70000000,39883
40,2218,37,62000000,39880
40,2217,46,54000000,39876
40,2216,45,45000000,39873
40,2215,41,35000000,39869
40,2214,35,34000000,39866
40,2213,35,33000000,39862
40,2212,25,32000000,39859
40,2211,46,31000000,39855
40,2210,28,30000000,39852
40,2209,24,32000000,39848
40,2208,39,31000000,39845
40,2207,25,30000000,39841
40,2206,24,36000000,39838
40,2205,36,33000000,39834
40,2204,44,32000000,39831
40,2203,42,31000000,39827
40,2202,36,30000000,39824
40,2201,24,32000000,39820
40,2200,27,31000000,39817
40,2199,51,30000000,39813
40,2198,34,267000000,39810
40,2197,40,248000000,39806
40,2196,46,231000000,39803
40,2195,23,218000000,39799
40,2194,34,202000000,39796
40,2193,46,190000000,39792
40,2192,32,180000000,39789
40,2191,12,170000000,39785
40,2190,29,159000000,39782
40,2189,14,151000000,39778
40,2188,44,141000000,39775
40,2187,45,132000000,39771
40,2186,27,123000000,39768
40,2185,27,116000000,39764
40,2184,33,107000000,39761
40,2183,35,99000000,39757
40,2182,47,90000000,39754
40,2181,31,84000000,39750
40,2180,22,76000000,39747
40,2179,27,71000000,39743
40,2178,20,64000000,39740
40,2177,37,58000000,39736
40,2176,24,51000000,39733
40,2175,37,45000000,39729
40,2174,37,38000000,39726
40,2173,26,34000000,39722
40,2172,28,33000000,39719
40,2171,27,32000000,39715
40,2170,38,31000000,39712
40,2169,17,30000000,39708
40,2168,34,50000000,39705
40,2167,30,45000000,39701
40,2166,18,38000000,39698
40,2165,23,34000000,39694
40,2164,30,33000000,39691
40,2163,10,32000000,39687
40,2162,29,31000000,39684
40,2161,21,30000000,39680
40,2160,40,135000000,39677
40,2159,38,125000000,39673
40,2158,33,117000000,39670
40,2157,42,108000000,39666
40,2156,47,97000000,39663
40,2155,22,90000000,39659
40,2154,33,83000000,39656
40,2153,21,76000000,39652
40,2152,24,69000000,39649
40,2151,43,62000000,39645
40,2150,30,54000000,39642
40,2149,16,48000000,39638
40,2148,39,40000000,39635
40,2147,12,35000000,39631
40,2146,47,33000000,39628
40,2145,19,32000000,39624
40,2144,30,31000000,39621
40,2143,29,30000000,39617
40,2142,34,0,39614
40,2141,27,128000000,39610
40,2140,44,117000000,39607
40,2139,13,110000000,39603
40,2138,37,100000000,39600
40,2137,35,92000000,39596
40,2136,35,84000000,39593
40,2135,41,76000000,39589
40,2134,29,68000000,39586
40,2133,29,61000000,39582
40,2132,34,54000000,39579
40,2131,24,48000000,39575
40,2130,17,41000000,39572
40,2129,33,36000000,39568
40,2128,17,34000000,39565
40,2127,32,32000000,39561
40,2126,25,31000000,39558
40,2125,25,30000000,39554
40,2124,27,61000000,39551
40,2123,35,55000000,39547
40,2122,49,46000000,39544
40,2121,47,38000000,39540
40,2120,35,0,39537
40,2119,26,32000000,39533
40,2118,40,31000000,39530
40,2117,36,30000000,39526
40,2116,32,185000000,39523
40,2115,38,173000000,39519
40,2114,26,161000000,39516
40,2113,28,151000000,39512
40,2112,33,140000000,39509
40,2111,31,131000000,39505
40,2110,35,121000000,39502
40,2109,37,112000000,39498
40,2108,49,102000000,39495
40,2107,38,94000000,39491
40,2106,37,86000000,39488
40,2105,40,78000000,39484
40,2104,46,69000000,39481
40,2103,20,62000000,39477
40,2102,40,53000000,39474
40,2101,35,47000000,39470
40,2100,31,43000000,39467
40,2099,42,39000000,39463
40,2098,41,35000000,39460
40,2097,42,32000000,39456
40,2096,13,30000000,39453
40,2095,23,89000000,39449
40,2094,41,79000000,39446
40,2093,31,73000000,39442
40,2092,32,64000000,39439
40,2091,27,57000000,39435
40,2090,24,54000000,39432
40,2089,50,50000000,39428
40,2088,36,44000000,39425
40,2087,37,26000000,39421
40,2086,25,18000000,39418
40,2085,34,13000000,39414
40,2084,36,12000000,39411
40,2083,26,146000000,39407
40,2082,35,135000000,39404
40,2081,41,126000000,39400
40,2080,29,117000000,39397
40,2079,13,106000000,39393
40,2078,42,96000000,39390
40,2077,32,88000000,39386
40,2076,37,79000000,39383
40,2075,36,72000000,39379
40,2074,32,64000000,39376
40,2073,18,56000000,39372
40,2072,24,49000000,39369
40,2071,34,42000000,39365
40,2070,6,36000000,39362
40,2069,32,30000000,39358
40,2068,40,23000000,39355
40,2067,17,17000000,39351
40,2066,11,13000000,39348
40,2065,23,12000000,39344
40,2064,32,24000000,39341
40,2063,20,18000000,39337
40,2062,39,13000000,39334
40,2061,31,12000000,39330
40,2060,27,29000000,39327
40,2059,29,24000000,39323
40,2058,33,15000000,39320
40,2057,33,13000000,39316
40,2056,38,12000000,39313
40,2055,28,12000000,39309
40,2054,42,69000000,39306
40,2053,28,60000000,39302
40,2052,29,52000000,39299
40,2051,30,45000000,39295
40,2050,31,38000000,39292
40,2049,32,32000000,39288
40,2048,42,24000000,39285
40,2047,17,20000000,39281
40,2046,32,13000000,39278
40,2045,26,12000000,39274
40,2044,22,13000000,39271
40,2043,27,12000000,39267
40,2042,27,14000000,39264
40,2041,39,12000000,39260
40,2040,18,66000000,39257
40,2039,17,58000000,39253
40,2038,35,48000000,39250
40,2037,37,40000000,39246
40,2036,26,34000000,39243
40,2035,35,21000000,39239
40,2034,28,12000000,39236
40,2033,38,406000000,39232
40,2032,29,362000000,39229
40,2031,32,336000000,39225
40,2030,35,305000000,39222
40,2029,32,277000000,39218
40,2028,38,254000000,39215
40,2027,25,236000000,39211
40,2026,28,0,39208
40,2025,21,200000000,39204
40,2024,20,184000000,39201
40,2023,39,170000000,39197
40,2022,27,159000000,39194
40,2021,38,148000000,39190
40,2020,25,136000000,39187
40,2019,25,125000000,39183
40,2018,38,114000000,39180
40,2017,45,106000000,39176
40,2016,36,99000000,39173
40,2015,25,91000000,39169
40,2014,25,84000000,39166
40,2013,42,78000000,39162
40,2012,39,71000000,39159
40,2011,8,66000000,39155
40,2010,43,59000000,39152
40,2009,45,52000000,39148
40,2008,31,45000000,39145
40,2007,30,39000000,39141
40,2006,38,33000000,39138
40,2005,20,27000000,39134
40,2004,17,21000000,39131
40,2003,13,16000000,39127
40,2002,46,13000000,39124
40,2001,39,12000000,39120
40,2000,19,87000000,39117
40,1999,42,80000000,39113
40,1998,22,73000000,39110
40,1997,18,67000000,39106
40,1996,22,60000000,39103
40,1995,18,54000000,39099
40,1994,38,48000000,39096
40,1993,32,43000000,39092
40,1992,29,35000000,39089
40,1991,22,30000000,39085
40,1990,41,23000000,39082
40,1989,32,0,39078
40,1988,29,14000000,39075
40,1987,34,13000000,39071
40,1986,35,12000000,39068
40,1985,18,20000000,39064
40,1984,28,15000000,39061
40,1983,41,13000000,39057
40,1982,24,12000000,39054
40,1981,31,26000000,39050
40,1980,24,20000000,39047
40,1979,34,15000000,39043
40,1978,33,13000,39040
40,1977,39,12000000,39036
40,1976,28,63000000,39033
40,1975,34,57000000,39029
40,1974,29,50000000,39026
40,1973,32,44000000,39022
40,1972,43,37000000,39019
40,1971,33,33000000,39015
40,1970,18,27000000,39012
40,1969,45,22000000,39008
40,1968,36,15000000,39005
40,1967,41,13000000,39001
40,1966,40,12000000,38998
40,1965,31,168000000,38994
40,1964,28,153000000,38991
40,1963,32,139000000,38987
40,1962,32,125000000,38984
40,1961,35,114000000,38980
40,1960,33,104000000,38977
40,1959,36,94000000,38973
40,1958,30,85000000,38970
40,1957,20,77000000,38966
40,1956,23,67000000,38963
40,1955,20,60000000,38959
40,1954,22,52000000,38956
40,1953,29,46000000,38952
40,1952,22,39000000,38949
40,1951,42,33000000,38945
40,1950,41,26000000,38942
40,1949,28,21000000,38938
40,1948,33,15000000,38935
40,1947,34,13000000,38931
40,1946,21,12000000,38928
40,1945,36,79000000,38924
40,1944,39,71000000,38921
40,1943,25,65000000,38917
40,1942,17,57000000,38914
40,1941,18,52000000,38910
40,1940,23,46000000,38907
40,1939,20,41000000,38903
40,1938,32,35000000,38900
40,1937,47,31000000,38896
40,1936,35,26000000,38893
40,1935,10,22000000,38889
40,1934,31,17000000,38886
40,1933,36,14000000,38882
40,1932,42,13000000,38879
40,1931,38,12000000,38875
40,1930,39,23000000,38872
40,1929,28,18000000,38868
40,1928,36,14000000,38865
40,1927,30,13000000,38861
40,1926,23,12000000,38858
40,1925,21,128000000,38854
40,1924,19,118000000,38851
40,1923,33,111000000,38847
40,1922,17,102000000,38844
40,1921,32,95000000,38840
40,1920,30,87000000,38837
40,1919,28,81000000,38833
40,1918,35,74000000,38830
40,1917,25,68000000,38826
40,1916,39,62000000,38823
40,1915,32,57000000,38819
40,1914,31,52000000,38816
40,1913,37,48000000,38812
40,1912,24,42000000,38809
40,1911,30,38000000,38805
40,1910,23,32000000,38802
40,1909,20,28000000,38798
40,1908,38,23000000,38795
40,1907,34,19000000,38791
40,1906,43,14000000,38788
40,1905,38,13000000,38784
40,1904,44,12000000,38781
40,1903,29,26000000,38777
40,1902,34,21000000,38774
40,1901,39,16000000,38770
40,1900,29,13000000,38767
40,1899,15,12000000,38763
40,1898,39,173000000,38760
40,1897,11,158000000,38756
40,1896,41,146000000,38753
40,1895,18,131000000,38749
40,1894,21,117000000,38746
40,1893,30,107000000,38742
40,1892,34,95000000,38739
40,1891,44,85000000,38735
40,1890,39,74000000,38732
40,1889,32,67000000,38728
40,1888,30,59000000,38725
40,1887,28,52000000,38721
40,1886,29,46000000,38718
40,1885,30,40000000,38714
40,1884,25,35000000,38711
40,1883,25,30000000,38707
40,1882,31,26000000,38704
40,1881,34,21000000,38700
40,1880,19,17000000,38697
40,1879,28,14000000,38693
40,1878,32,13000000,38690
40,1877,14,12000000,38686
40,1876,28,14000000,38683
40,1875,16,12000000,38679
40,1874,36,10000000,38676
40,1873,24,9000000,38672
40,1872,26,8000000,38669
40,1871,17,19000000,38665
40,1870,40,15000000,38662
40,1869,36,12000000,38658
40,1868,37,10000000,38655
40,1867,41,9000000,38651
40,1866,35,8000000,38648
40,1865,33,8000000,38644
40,1864,42,9000000,38641
40,1863,16,8000000,38637
40,1862,33,8000000,38634
40,1861,37,10000000,38630
40,1860,22,9000000,38627
40,1859,25,8000000,38623
40,1858,38,8000000,38620
40,1857,36,36000000,38616
40,1856,21,31000000,38613
40,1855,25,26000000,38609
40,1854,31,21000000,38606
40,1853,15,17000000,38602
40,1852,19,11000000,38599
40,1851,17,9000000,38595
40,1850,35,8000000,38592
40,1849,30,44000000,38588
40,1848,30,38000000,38585
40,1847,30,33000000,38581
40,1846,15,27000000,38578
40,1845,37,23000000,38574
40,1844,13,19000000,38571
40,1843,25,16000000,38567
40,1842,24,12000000,38564
40,1841,22,10000000,38560
40,1840,31,9000000,38557
40,1839,26,8000000,38553
40,1838,29,18000000,38550
40,1837,32,15000000,38546
40,1836,37,12000000,38543
40,1835,23,10000000,38539
40,1834,20,9000000,38536
40,1833,30,8000000,38532
40,1832,23,11000000,38529
40,1831,34,10000000,38525
40,1830,26,9000000,38522
40,1829,10,8000000,38518
40,1828,33,24000000,38515
40,1827,18,21000000,38511
40,1826,30,17000000,38508
40,1825,17,14000000,38504
40,1824,25,12000000,38501
40,1823,21,10000000,38497
40,1822,27,9000000,38494
40,1821,27,8000000,38490
40,1820,35,34000000,38487
40,1819,8,31000000,38483
40,1818,25,28000000,38480
40,1817,30,24000000,38476
40,1816,27,21000000,38473
40,1815,31,18000000,38469
40,1814,32,15000000,38466
40,1813,26,12000000,38462
40,1812,32,10000000,38459
40,1811,36,9000000,38455
40,1810,30,8000000,38452
40,1809,33,9000000,38448
40,1808,9,8000000,38445
40,1807,26,26000000,38441
40,1806,32,22000000,38438
40,1805,39,19000000,38434
40,1804,28,16000000,38431
40,1803,31,13000000,38427
40,1802,24,10000000,38424
40,1801,28,9000000,38420
40,1800,21,8000000,38417
40,1799,38,52000000,38413
40,1798,40,47000000,38410
40,1797,29,43000000,38406
40,1796,34,39000000,38403
40,1795,27,35000000,38399
40,1794,24,31000000,38396
40,1793,32,27000000,38392
40,1792,21,24000000,38389
40,1791,35,20000000,38385
40,1790,17,13000000,38382
40,1789,32,10000000,38378
40,1788,27,9000000,38375
40,1787,27,8000000,38371
40,1786,32,8000000,38368
40,1785,39,94000000,38364
40,1784,24,82000000,38361
40,1783,24,73000000,38357
40,1782,42,65000000,38354
40,1781,23,59000000,38350
40,1780,32,54000000,38347
40,1779,28,48000000,38343
40,1778,28,43000000,38340
40,1777,34,39000000,38336
40,1776,20,35000000,38333
40,1775,38,31000000,38329
40,1774,24,28000000,38326
40,1773,37,24000000,38322
40,1772,19,21000000,38319
40,1771,37,18000000,38315
40,1770,14,15000000,38312
40,1769,38,12000000,38308
40,1768,24,10000000,38305
40,1767,21,9000000,38301
40,1766,33,8000000,38298
40,1765,26,20000000,38294
40,1764,28,17000000,38291
40,1763,13,14000000,38287
40,1762,27,12000000,38284
40,1761,25,10000000,38280
40,1760,30,9000000,38277
40,1759,19,88000000,38273
40,1758,37,28000000,38270
40,1757,22,23000000,38266
40,1756,34,20000000,38263
40,1755,39,17000000,38259
40,1754,40,14000000,38256
40,1753,25,12000000,38252
40,1752,30,10000000,38249
40,1751,39,9000000,38245
40,1750,14,8000000,38242
40,1749,16,12000000,38238
40,1748,13,10000000,38235
40,1747,35,9000000,38231
40,1746,25,8000000,38228
40,1745,31,13000000,38224
40,1744,19,10000000,38221
40,1743,39,9000000,38217
40,1742,30,8000000,38214
40,1741,36,20000000,38210
40,1740,31,16000000,38207
40,1739,28,13000000,38203
40,1738,19,10000000,38200
40,1737,18,9000000,38196
40,1736,32,8000000,38193
40,1735,25,10000000,38189
40,1734,19,9000000,38186
40,1733,21,8000000,38182
40,1732,33,30000000,38179
40,1731,25,26000000,38175
40,1730,28,23000000,38172
40,1729,26,20000000,38168
40,1728,21,17000000,38165
40,1727,24,13000000,38161
40,1726,33,10000000,38158
40,1725,36,9000000,38154
40,1724,27,8000000,38151
40,1723,23,44000000,38147
40,1722,37,38000000,38144
40,1721,30,33000000,38140
40,1720,21,29000000,38137
40,1719,14,24000000,38133
40,1718,32,21000000,38130
40,1717,21,16000000,38126
40,1716,34,13000000,38123
40,1715,30,10000000,38119
40,1714,20,9000000,38116
40,1713,20,9000000,38112
40,1712,22,26000000,38109
40,1711,26,22000000,38105
40,1710,32,19000000,38102
40,1709,17,15000000,38098
40,1708,39,11000000,38095
40,1707,36,10000000,38091
40,1706,19,9000000,38088
40,1705,31,8000000,38084
40,1704,11,45000000,38081
40,1703,28,41000000,38077
40,1702,32,37000000,38074
40,1701,28,33000000,38070
40,1700,25,29000000,38067
40,1699,34,25000000,38063
40,1698,26,22000000,38060
40,1697,36,19000000,38056
40,1696,25,15000000,38053
40,1695,36,12000000,38049
40,1694,29,10000000,38046
40,1693,31,9000000,38042
40,1692,40,8000000,38039
40,1691,26,30000000,38035
40,1690,18,26000000,38032
40,1689,29,23000000,38028
40,1688,24,19000000,38025
40,1687,28,16000000,38021
40,1686,29,13000000,38018
40,1685,24,10000000,38014
40,1684,17,9000000,38011
40,1683,32,8000000,38007
40,1682,26,10000000,38004
40,1681,39,9000000,38000
40,1680,28,8000000,37997
40,1679,9,68000000,37993
40,1678,29,63000000,37990
40,1677,33,58000000,37986
40,1676,25,53000000,37983
40,1675,38,48000000,37979
40,1674,36,44000000,37976
40,1673,25,40000000,37972
40,1672,18,36000000,37969
40,1671,17,32000000,37965
40,1670,25,28000000,37962
40,1669,15,24000000,37958
40,1668,22,25000000,37955
40,1667,41,18000000,37951
40,1666,12,14000000,37948
40,1665,44,10000000,37944
40,1664,31,9000000,37941
40,1663,40,8000000,37937
40,1662,28,94000000,37934
40,1661,42,82000000,37930
40,1660,11,75000000,37927
40,1659,36,68000000,37923
40,1658,34,60000000,37920
40,1657,16,53000000,37916
40,1656,27,46000000,37913
40,1655,32,40000000,37909
40,1654,23,36000000,37906
40,1653,36,31000000,37902
40,1652,18,28000000,37899
40,1651,19,25000000,37895
40,1650,39,22000000,37892
40,1649,36,18000000,37888
40,1648,29,16000000,37885
40,1647,25,12000000,37881
40,1646,41,10000000,37878
40,1645,20,9000000,37874
40,1644,27,8000000,37871
40,1643,28,9000000,37867
40,1642,39,8000000,37864
40,1641,33,24000000,37860
40,1640,40,20000000,37857
40,1639,35,17000000,37853
40,1638,30,14000000,37850
40,1637,32,11000000,37846
40,1636,24,10000000,37843
40,1635,24,9000000,37839
40,1634,36,8000000,37836
40,1633,27,25000000,37832
40,1632,31,22000000,37829
40,1631,20,19000000,37825
40,1630,35,16000000,37822
40,1629,34,13000000,37818
40,1628,24,11000000,37815
40,1627,30,10000000,37811
40,1626,26,9000000,37808
40,1625,28,8000000,37804
40,1624,20,8000000,37801
40,1623,18,9000000,37797
40,1622,34,8000000,37794
40,1621,32,12000000,37790
40,1620,41,10000000,37787
40,1619,32,9000000,37783
40,1618,31,8000000,37780
40,1617,15,11000000,37776
40,1616,18,10000000,37773
40,1615,31,9000000,37769
40,1614,24,8000000,37766
40,1613,24,30000000,37762
40,1612,30,27000000,37759
40,1611,19,24000000,37755
40,1610,15,21000000,37752
40,1609,28,18000000,37748
40,1608,33,15000000,37745
40,1607,28,12000000,37741
40,1606,26,10000000,37738
40,1605,36,9000000,37734
40,1604,36,8000000,37731
40,1603,21,18000000,37727
40,1602,23,15000000,37724
40,1601,38,12000000,37720
40,1600,16,10000000,37717
40,1599,29,9000000,37713
40,1598,27,8000000,37710
40,1597,33,55000000,37706
40,1596,25,50000000,37703
40,1595,25,45000000,37699
40,1594,30,41000000,37696
40,1593,31,38000000,37692
40,1592,18,35000000,37689
40,1591,40,32000000,37685
40,1590,24,29000000,37682
40,1589,23,26000000,37678
40,1588,33,23000000,37675
40,1587,36,20000000,37671
40,1586,22,17000000,37668
40,1585,27,14000000,37664
40,1584,10,12000000,37661
40,1583,31,10000000,37657
40,1582,27,9000000,37654
40,1581,35,8000000,37650
40,1580,27,24000000,37647
40,1579,24,21000000,37643
40,1578,34,18000000,37640
40,1577,26,15000000,37636
40,1576,29,12000000,37633
40,1575,29,10000000,37629
40,1574,29,9000000,37626
40,1573,21,8000000,37622
40,1572,14,37000000,37619
40,1571,35,33000000,37615
40,1570,22,30000000,37612
40,1569,32,26000000,37608
40,1568,23,23000000,37605
40,1567,29,20000000,37601
40,1566,37,17000000,37598
40,1565,16,12000000,37594
40,1564,39,9000000,37591
40,1563,32,8000000,37587
40,1562,33,28000000,37584
40,1561,30,23000000,37580
40,1560,28,19000000,37577
40,1559,27,15000000,37573
40,1558,18,11000000,37570
40,1557,17,9000000,37566
40,1556,38,8000000,37563
40,1555,24,36000000,37559
40,1554,31,30000000,37556
40,1553,30,26000000,37552
40,1552,30,20000000,37549
40,1551,34,16000000,37545
40,1550,20,12000000,37542
40,1549,25,9000000,37538
40,1548,25,8000000,37535
40,1547,25,6000000,37531
40,1546,13,6000000,37528
40,1545,25,8000000,37524
40,1544,25,7000000,37521
40,1543,39,6000000,37517
40,1542,18,16000000,37514
40,1541,27,13000000,37510
40,1540,28,10000000,37507
40,1539,38,8000000,37503
40,1538,27,7000000,37500
40,1537,23,6000000,37496
40,1536,35,23000000,37493
40,1535,33,19000000,37489
40,1534,27,16000000,37486
40,1533,20,13000000,37482
40,1532,26,10000000,37479
40,1531,22,8000000,37475
40,1530,25,7000000,37472
40,1529,20,6000000,37468
40,1528,25,10000000,37465
40,1527,35,8000000,37461
40,1526,37,7000000,37458
40,1525,26,6000000,37454
40,1524,20,51000000,37451
40,1523,22,43000000,37447
40,1522,34,37000000,37444
40,1521,28,35000000,37440
40,1520,26,31000000,37437
40,1519,38,27000000,37433
40,1518,31,24000000,37430
40,1517,24,21000000,37426
40,1516,31,18000000,37423
40,1515,17,16000000,37419
40,1514,34,14000000,37416
40,1513,31,12000000,37412
40,1512,25,10000000,37409
40,1511,19,9000000,37405
40,1510,30,8000000,37402
40,1509,28,7000000,37398
40,1508,36,6000000,37395
40,1507,34,8000000,37391
40,1506,11,7000000,37388
40,1505,37,6000000,37384
40,1504,39,16000000,37381
40,1503,34,14000000,37377
40,1502,32,12000000,37374
40,1501,15,10000000,37370
40,1500,25,8000000,37367
40,1499,31,7000000,37363
40,1498,12,6000000,37360
40,1497,17,6000000,37356
40,1496,21,13000000,37353
40,1495,23,11000000,37349
40,1494,34,9000000,37346
40,1493,31,8000000,37342
40,1492,21,7000000,37339
40,1491,23,6000000,37335
40,1490,37,9000000,37332
40,1489,24,8000000,37328
40,1488,27,6000000,37325
40,1487,32,7000000,37321
40,1486,28,6000000,37318
40,1485,33,28000000,37314
40,1484,29,25000000,37311
40,1483,35,22000000,37307
40,1482,8,19000000,37304
40,1481,23,16000000,37300
40,1480,25,13000000,37297
40,1479,27,10000000,37293
40,1478,28,8000000,37290
40,1477,22,7000000,37286
40,1476,14,6000000,37283
40,1475,24,41000000,37279
40,1474,16,37000000,37276
40,1473,23,33000000,37272
40,1472,16,29000000,37269
40,1471,15,25000000,37265
40,1470,12,22000000,37262
40,1469,15,19000000,37258
40,1468,37,16000000,37255
40,1467,35,12000000,37251
40,1466,24,10000000,37248
40,1465,21,8000000,37244
40,1464,32,7000000,37241
40,1463,36,6000000,37237
40,1462,17,45000000,37234
40,1461,12,41000000,37230
40,1460,34,37000000,37227
40,1459,31,32000000,37223
40,1458,27,29000000,37220
40,1457,25,26000000,37216
40,1456,33,24000000,37213
40,1455,23,20000000,37209
40,1454,18,17000000,37206
40,1453,22,14000000,37202
40,1452,26,11000000,37199
40,1451,24,9000000,37195
40,1450,26,8000000,37192
40,1449,23,7000000,37188
40,1448,29,6000000,37185
40,1447,16,6000000,37181
40,1446,26,27000000,37178
40,1445,29,24000000,37174
40,1444,29,21000000,37171
40,1443,32,18000000,37167
40,1442,25,15000000,37164
40,1441,21,13000000,37160
40,1440,21,10000000,37157
40,1439,28,8000000,37153
40,1438,25,7000000,37150
40,1437,18,6000000,37146
40,1436,23,47000000,37143
40,1435,20,43000000,37139
40,1434,24,39000000,37136
40,1433,28,35000000,37132
40,1432,28,32000000,37129
40,1431,19,29000000,37125
40,1430,37,26000000,37122
40,1429,29,22000000,37118
40,1428,34,19000000,37115
40,1427,26,16000000,37111
40,1426,25,13000000,37108
40,1425,33,10000000,37104
40,1424,19,8000000,37101
40,1423,25,7000000,37097
40,1422,34,6000000,37094
40,1421,25,60000000,37090
40,1420,15,50000000,37087
40,1419,27,43000000,37083
40,1418,32,36000000,37080
40,1417,18,29000000,37076
40,1416,30,24000000,37073
40,1415,19,20000000,37069
40,1414,14,16000000,37066
40,1413,16,12000000,37062
40,1412,32,9000000,37059
40,1411,30,7000000,37055
40,1410,20,6000000,37052
40,1409,33,37000000,37048
40,1408,30,32000000,37045
40,1407,23,26500000,37041
40,1406,18,23000000,37038
40,1405,21,19000000,37034
40,1404,30,16000000,37031
40,1403,23,13000000,37027
40,1402,39,10000000,37024
40,1401,25,8000000,37020
40,1400,14,7000000,37017
40,1399,34,6000000,37013
40,1398,22,6000000,37010
40,1397,28,8000000,37006
40,1396,22,7000000,37003
40,1395,31,6000000,36999
40,1394,22,7000000,36996
40,1393,9,6000000,36992
40,1392,12,52000000,36989
40,1391,18,42000000,36985
40,1390,20,37000000,36982
40,1389,28,33000000,36978
40,1388,26,30000000,36975
40,1387,40,26000000,36971
40,1386,15,23000000,36968
40,1385,14,20000000,36964
40,1384,25,17000000,36961
40,1383,30,14000000,36957
40,1382,13,12000000,36954
40,1381,18,10000000,36950
40,1380,35,8000000,36947
40,1379,31,7000000,36943
40,1378,26,6000000,36940
40,1377,26,24000000,36936
40,1376,25,21000000,36933
40,1375,31,18000000,36929
40,1374,28,15000000,36926
40,1373,36,12000000,36922
40,1372,18,10000000,36919
40,1371,27,8000000,36915
40,1370,28,7000000,36912
40,1369,20,6000000,36908
40,1368,30,29000000,36905
40,1367,26,25000000,36901
40,1366,26,21000000,36898
40,1365,28,19000000,36894
40,1364,28,16000000,36891
40,1363,25,13000000,36887
40,1362,21,11000000,36884
40,1361,31,9000000,36880
40,1360,30,8000000,36877
40,1359,32,7000000,36873
40,1358,34,6000000,36870
40,1357,13,8000000,36866
40,1356,25,7000000,36863
40,1355,36,6000000,36859
40,1354,28,9000000,36856
40,1353,22,8000000,36852
40,1352,28,7000000,36849
40,1351,36,6000000,36845
40,1350,25,36000000,36842
40,1349,16,31000000,36838
40,1348,12,27000000,36835
40,1347,24,25000000,36831
40,1346,26,21000000,36828
40,1345,21,19000000,36824
40,1344,30,16000000,36821
40,1343,26,14000000,36817
40,1342,35,13000000,36814
40,1341,12,10000000,36810
40,1340,15,8000000,36807
40,1339,27,6000000,36803
40,1338,20,6000000,36800
40,1337,36,38000000,36796
40,1336,14,33000000,36793
40,1335,32,28000000,36789
40,1334,22,25000000,36786
40,1333,28,21000000,36782
40,1332,38,18000000,36779
40,1331,23,15000000,36775
40,1330,22,12000000,36772
40,1329,26,10000000,36768
40,1328,30,80000000,36765
40,1327,31,7000000,36761
40,1326,17,6000000,36758
40,1325,35,15000000,36754
40,1324,26,12000000,36751
40,1323,14,10000000,36747
40,1322,18,8000000,36744
40,1321,28,7000000,36740
40,1320,15,6000000,36737
40,1319,32,44000000,36733
40,1318,17,39000000,36730
40,1317,28,34000000,36726
40,1316,38,30000000,36723
40,1315,23,26000000,36719
40,1314,26,23000000,36716
40,1313,40,20000000,36712
40,1312,25,18000000,36709
40,1311,19,15000000,36705
40,1310,21,13000000,36702
40,1309,21,11000000,36698
40,1308,19,9000000,36695
40,1307,33,7000000,36691
40,1306,34,6000000,36688
40,1305,11,23000000,36684
40,1304,25,20000000,36681
40,1303,16,17000000,36677
40,1302,13,15000000,36674
40,1301,25,12000000,36670
40,1300,25,10000000,36667
40,1299,24,8000000,36663
40,1298,27,7000000,36660
40,1297,22,6000000,36656
40,1296,33,31000000,36653
40,1295,10,27000000,36649
40,1294,33,24000000,36646
40,1293,31,20000000,36642
40,1292,19,18000000,36639
40,1291,23,16000000,36635
40,1290,29,14000000,36632
40,1289,31,12000000,36628
40,1288,16,10000000,36625
40,1287,33,8000000,36621
40,1286,37,7000000,36618
40,1285,22,6000000,36614
40,1284,29,13000000,36611
40,1283,35,11000000,36607
40,1282,33,10000000,36604
40,1281,35,8000000,36600
40,1280,29,6000000,36597
40,1279,27,18000000,36593
40,1278,21,15000000,36590
40,1277,20,13000000,36586
40,1276,28,11000000,36583
40,1275,34,9000000,36579
40,1274,27,7000000,36576
40,1273,22,6000000,36572
40,1272,30,6000000,36569
40,1271,25,37000000,36565
40,1270,25,33000000,36562
40,1269,13,30000000,36558
40,1268,18,26000000,36555
40,1267,31,23000000,36551
40,1266,25,19000000,36548
40,1265,31,17000000,36544
40,1264,35,15000000,36541
40,1263,36,6000000,36537
40,1262,33,11000000,36534
40,1261,36,9000000,36530
40,1260,34,7000000,36527
40,1259,29,6000000,36523
40,1258,28,9000000,36520
40,1257,31,8000000,36516
40,1256,9,6000000,36513
40,1255,12,30000000,36509
40,1254,21,26000000,36506
40,1253,26,22000000,36502
40,1252,37,20000000,36499
40,1251,32,18000000,36495
40,1250,29,15000000,36492
40,1249,18,13000000,36488
40,1248,23,11000000,36485
40,1247,20,10000000,36481
40,1246,31,8000000,36478
40,1245,27,6000000,36474
40,1244,15,28000000,36471
40,1243,34,25000000,36467
40,1242,20,22000000,36464
40,1241,30,18000000,36460
40,1240,22,15000000,36457
40,1239,28,13000000,36453
40,1238,27,11000000,36450
40,1237,32,9000000,36446
40,1236,39,8000000,36443
40,1235,26,6000000,36439
40,1234,19,38000000,36436
40,1233,32,34000000,36432
40,1232,25,30000000,36429
40,1231,36,27000000,36425
40,1230,22,24000000,36422
40,1229,21,21000000,36418
40,1228,29,18000000,36415
40,1227,28,16000000,36411
40,1226,31,14000000,36408
40,1225,16,12000000,36404
40,1224,11,10000000,36401
40,1223,26,8000000,36397
40,1222,13,6000000,36394
40,1221,13,28000000,36390
40,1220,17,25000000,36387
40,1219,30,22000000,36383
40,1218,15,18000000,36380
40,1217,27,15000000,36376
40,1216,30,14000000,36373
40,1215,33,12000000,36369
40,1214,22,10000000,36366
40,1213,30,8000000,36362
40,1212,18,6000000,36359
40,1211,15,6000000,36355
40,1210,24,31000000,36352
40,1209,26,28000000,36348
40,1208,28,25000000,36345
40,1207,24,23000000,36341
40,1206,18,20000000,36338
40,1205,31,17000000,36334
40,1204,27,15000000,36331
40,1203,40,13000000,36327
40,1202,30,11000000,36324
40,1201,22,9000000,36320
40,1200,29,8000000,36317
40,1199,36,6000000,36313
40,1198,20,9000000,36310
40,1197,28,8000000,36306
40,1196,36,7000000,36303
40,1195,35,6000000,36299
40,1194,24,9000000,36296
40,1193,34,8000000,36292
40,1192,28,6000000,36289
40,1191,25,10000000,36285
40,1190,17,9000000,36282
40,1189,36,8000000,36278
40,1188,16,6000000,36275
40,1187,32,20000000,36271
40,1186,17,16000000,36268
40,1185,39,13000000,36264
40,1184,29,11000000,36261
40,1183,34,9000000,36257
40,1182,7,8000000,36254
40,1181,16,6000000,36250
40,1180,14,13000000,36247
40,1179,25,12000000,36243
40,1178,32,10000000,36240
40,1177,39,8000000,36236
40,1176,24,6000000,36233
40,1175,32,21000000,36229
40,1174,27,18000000,36226
40,1173,29,16000000,36222
40,1172,33,14000000,36219
40,1171,23,13000000,36215
40,1170,33,11000000,36212
40,1169,19,9000000,36208
40,1168,33,8000000,36205
40,1167,16,6000000,36201
40,1166,23,8000000,36198
40,1165,27,6000000,36194
40,1164,28,10000000,36191
40,1163,27,8000000,36187
40,1162,37,6000000,36184
40,1161,18,14000000,36180
40,1160,34,12000000,36177
40,1159,31,10000000,36173
40,1158,39,8000000,36170
40,1157,36,6000000,36166
40,1156,24,10000000,36163
40,1155,31,8000000,36159
40,1154,37,6000000,36156
40,1153,20,46000000,36152
40,1152,24,42000000,36149
40,1151,25,38000000,36145
40,1150,35,34000000,36142
40,1149,39,31000000,36138
40,1148,29,28000000,36135
40,1147,26,25000000,36131
40,1146,34,22000000,36128
40,1145,29,19000000,36124
40,1144,34,16000000,36121
40,1143,37,13000000,36117
40,1142,10,10000000,36114
40,1141,38,8000000,36110
40,1140,31,6000000,36107
40,1139,25,19000000,36103
40,1138,29,16000000,36100
40,1137,18,13000000,36096
40,1136,26,10000000,36093
40,1135,30,8000000,36089
40,1134,15,6000000,36086
40,1133,31,13000000,36082
40,1132,37,10000000,36079
40,1131,32,8000000,36075
40,1130,36,6000000,36072
40,1129,23,8000000,36068
40,1128,26,6000000,36065
40,1127,14,18000000,36061
40,1126,28,16000000,36058
40,1125,40,14000000,36054
40,1124,18,12000000,36051
40,1123,15,10000000,36047
40,1122,38,8000000,36044
40,1121,16,6000000,36040
40,1120,19,8000000,36037
40,1119,26,6000000,36033
40,1118,32,42000000,36030
40,1117,28,35000000,36026
40,1116,33,30000000,36023
40,1115,31,26000000,36019
40,1114,29,22000000,36016
40,1113,31,18000000,36012
40,1112,21,16000000,36009
40,1111,29,14000000,36005
40,1110,26,12000000,36002
40,1109,22,10000000,35998
40,1108,27,8000000,35995
40,1107,27,6000000,35991
40,1106,29,20000000,35988
40,1105,37,18000000,35984
40,1104,24,16000000,35981
40,1103,37,14000000,35977
40,1102,29,12000000,35974
40,1101,33,10000000,35970
40,1100,34,8000000,35967
40,1099,21,6000000,35963
40,1098,19,12000000,35960
40,1097,37,10000000,35956
40,1096,22,8000000,35953
40,1095,19,6000000,35949
40,1094,25,10000000,35946
40,1093,19,8000000,35942
40,1092,14,6000000,35939
40,1091,33,16000000,35935
40,1090,17,14000000,35932
40,1089,16,12000000,35928
40,1088,29,10000000,35925
40,1087,18,8000000,35921
40,1086,13,6000000,35918
40,1085,11,50000000,35914
40,1084,28,40000000,35911
40,1083,25,32000000,35907
40,1082,11,27000000,35904
40,1081,27,23000000,35900
40,1080,25,20000000,35897
40,1079,13,18000000,35893
40,1078,29,16000000,35890
40,1077,29,14000000,35886
40,1076,16,12000000,35883
40,1075,13,10000000,35879
40,1074,28,8000000,35876
40,1073,32,6000000,35872
40,1072,21,19000000,35869
40,1071,30,16000000,35865
40,1070,34,14000000,35862
40,1069,32,12000000,35858
40,1068,21,10000000,35855
40,1067,42,8000000,35851
40,1066,8,6000000,35848
40,1065,24,21000000,35844
40,1064,25,17000000,35841
40,1063,36,14000000,35837
40,1062,25,12000000,35834
40,1061,27,10000000,35830
40,1060,37,8000000,35827
40,1059,19,6000000,35823
40,1058,39,4000000,35820
40,1057,27,10000000,35816
40,1056,29,8000000,35813
40,1055,33,6000000,35809
40,1054,24,4000000,35806
40,1053,14,17000000,35802
40,1052,12,14000000,35799
40,1051,31,12000000,35795
40,1050,35,10000000,35792
40,1049,32,8000000,35788
40,1048,24,6000000,35785
40,1047,30,4000000,35781
40,1046,27,6000000,35778
40,1045,41,4000000,35774
40,1044,19,10000000,35771
40,1043,24,8000000,35767
40,1042,32,6000000,35764
40,1041,17,4000000,35760
40,1040,21,13000000,35757
40,1039,20,10000000,35753
40,1038,26,8000000,35750
40,1037,27,7000000,35746
40,1036,18,4000000,35743
40,1035,24,8000000,35739
40,1034,24,6000000,35736
40,1033,37,4000000,35732
40,1032,17,4000000,35729
40,1031,31,4000000,35725
40,1030,39,45000000,35725
40,1029,36,37000000,35718
40,1028,28,28000000,35715
40,1027,35,23000000,35711
40,1026,17,19000000,35708
40,1025,19,17000000,35704
40,1024,29,15000000,35701
40,1023,20,12000000,35697
40,1022,30,10000000,35694
40,1021,27,8000000,35690
40,1020,26,6000000,35687
40,1019,31,4000000,35683
40,1018,37,10000000,35680
40,1017,32,8000000,35676
40,1016,28,6000000,35673
40,1015,34,4000000,35669
40,1014,27,10000000,35666
40,1013,33,8000000,35662
40,1012,34,6000000,35659
40,1011,36,4000000,35655
40,1010,28,21000000,35652
40,1009,30,17000000,35648
40,1008,32,13000000,35645
40,1007,26,10000000,35641
40,1006,18,7000000,35638
40,1005,36,5000000,35634
40,1004,31,4000000,35631
40,1003,19,9000000,35627
40,1002,20,6000000,35624
40,1001,16,4000000,35620
40,1000,13,8000000,35617
40,999,24,6000000,35613
40,998,26,4000000,35610
40,997,20,6000000,35606
40,996,40,4000000,35603
40,995,13,8000000,35599
40,994,22,6000000,35596
40,993,27,4000000,35592
40,992,9,6000000,35589
40,991,35,4000000,35585
40,990,13,15000000,35582
40,989,25,12000000,35578
40,988,24,10000000,35575
40,987,31,8000000,35571
40,986,19,6000000,35568
40,985,32,4000000,35564
40,984,32,7000000,35561
40,983,20,4000000,35557
40,982,24,6000000,35554
40,981,30,4000000,35550
40,980,18,6000000,35547
40,979,28,4000000,35543
40,978,10,9000000,35540
40,977,26,6000000,35536
40,976,24,4000000,35533
40,975,15,4000000,35529
40,974,23,25000000,35526
40,973,21,20000000,35522
40,972,34,18000000,35519
40,971,31,15000000,35515
40,970,29,10000000,35512
40,969,29,7000000,35508
40,968,34,4000000,35505
40,967,34,6000000,35501
40,966,33,8000000,35498
40,965,31,10000000,35494
40,964,21,8000000,35491
40,963,37,6000000,35487
40,962,40,4000000,35484
40,961,13,10000000,35480
40,960,40,8000000,35477
40,959,29,6000000,35473
40,958,34,4000000,35470
40,957,17,8000000,35466
40,956,22,6000000,35463
40,955,31,4000000,35459
40,954,21,24000000,35456
40,953,13,20000000,35456
40,952,27,16000000,35449
40,951,27,13000000,35445
40,950,30,10000000,35442
40,949,33,8000000,35438
40,948,11,6000000,35435
40,947,10,4000000,35431
40,946,35,16000000,35428
40,945,21,10000000,35424
40,944,14,4000000,35421
40,943,23,20000000,35417
40,942,36,15000000,35414
40,941,17,8000000,35410
40,940,10,4000000,35407
40,939,24,4000000,35403
40,938,22,30000000,35400
40,937,34,20000000,35396
40,936,27,13000000,35393
40,935,23,8000000,35389
40,934,28,6000000,35386
40,933,18,4000000,35382
40,932,9,18000000,35379
40,931,27,14000000,35375
40,930,18,10000000,35372
40,929,29,6000000,35368
40,928,26,4000000,35365
40,927,16,20000000,35361
40,926,32,15000000,35358
40,925,28,10000000,35354
40,924,15,6000000,35351
40,923,15,4000000,35347
40,922,27,30000000,35344
40,921,26,24000000,35340
40,920,20,18000000,35337
40,919,32,13000000,35333
40,918,33,9000000,35330
40,917,38,6000000,35326
40,916,33,4000000,35323
40,915,14,4000000,35319
40,914,27,35000000,35316
40,913,36,26000000,35312
40,912,13,20000000,35309
40,911,31,16000000,35305
40,910,36,12000000,35302
40,909,35,9000000,35298
40,908,30,6000000,35295
40,907,23,5000000,35291
40,906,18,4000000,35288
40,905,22,7000000,35284
40,904,13,6000000,35281
40,903,21,5000000,35277
40,902,23,4000000,35274
40,901,12,14000000,35270
40,900,26,10000000,35267
40,899,17,7000000,35263
40,898,34,6000000,35260
40,897,29,5000000,35256
40,896,27,4000000,35253
40,895,29,15000000,35249
40,894,30,12000000,35246
40,893,31,9000000,35242
40,892,34,7000000,35239
40,891,7,6000000,35235
40,890,38,5000000,35232
40,889,16,4000000,35228
40,888,19,6000000,35225
40,887,35,5000000,35221
40,886,17,4000000,35218
40,885,13,14500000,35214
40,884,32,12000000,35211
40,883,30,9500000,35207
40,882,30,8000000,35204
40,881,19,6000000,35200
40,880,30,5000000,35197
40,879,34,4000000,35193
40,878,25,10000000,35190
40,877,30,7000000,35186
40,876,20,6000000,35183
40,875,15,4000000,35179
40,874,25,4000000,35176
40,873,21,3500000,35172
40,872,24,2500000,35169
40,871,15,2000000,35165
40,870,10,2000000,35162
40,869,26,11500000,35158
40,868,30,9000000,35155
40,867,23,7000000,35151
40,866,22,5000000,35148
40,865,19,3500000,35144
40,864,30,2500000,35141
40,863,36,2000000,35137
40,862,36,2500000,35134
40,861,27,2000000,35130
40,860,27,5000000,35127
40,859,20,3500000,35123
40,858,17,2500000,35120
40,857,18,2000000,35116
40,856,33,7000000,35113
40,855,17,5000000,35109
40,854,38,3500000,35106
40,853,32,2500000,35102
40,852,30,2000000,35099
40,851,28,2000000,35095
40,850,29,9000000,35092
40,849,33,7000000,35088
40,848,35,5000000,35085
40,847,24,3500000,35081
40,846,24,2500000,35078
40,845,28,2000000,35074
40,844,19,4500000,35071
40,843,33,3500000,35067
40,842,14,2500000,35064
40,841,17,2000000,35060
40,840,24,3500000,35057
40,839,18,2500000,35053
40,838,22,2000000,35050
40,837,15,10000000,35046
40,836,11,8000000,35043
40,835,29,6500000,35039
40,834,17,5000000,35036
40,833,30,3500000,35032
40,832,33,2500000,35029
40,831,20,2000000,35025
40,830,33,2000000,35022
40,829,20,3500000,35018
40,828,27,2500000,35015
40,827,18,2000000,35011
40,826,12,7000000,35008
40,825,26,5500000,35004
40,824,25,4000000,35001
40,823,18,2500000,34997
40,822,29,2000000,34994
40,821,24,18000000,34990
40,820,32,15000000,34987
40,819,36,12000000,34983
40,818,31,9500000,34980
40,817,25,7500000,34976
40,816,18,6000000,34973
40,815,33,4500000,34969
40,814,15,3500000,34966
40,813,27,2500000,34962
40,812,36,2000000,34959
40,811,37,6000000,34955
40,810,35,4500000,34952
40,809,30,3500000,34948
40,808,9,2500000,34945
40,807,36,2000000,34941
40,806,24,3500000,34938
40,805,28,2500000,34934
40,804,13,2000000,34931
40,803,30,3500000,34927
40,802,14,2500000,34924
40,801,34,2000000,34920
40,800,31,2000000,34917
40,799,27,5000000,34913
40,798,25,3500000,34910
40,797,32,2500000,34906
40,796,34,2000000,34903
40,795,26,2000000,34899
40,794,25,19000000,34896
40,793,33,15500000,34892
40,792,7,13000000,34889
40,791,26,10500000,34885
40,790,21,8500000,34882
40,789,33,6800000,34878
40,788,28,5500000,34875
40,787,23,4200000,34871
40,786,33,3000000,34868
40,785,20,2300000,34864
40,784,31,2000000,34861
40,783,23,7800000,34857
40,782,18,6400000,34854
40,781,38,5200000,34850
40,780,23,4000000,34847
40,779,35,2800000,34843
40,778,26,2300000,34840
40,777,16,2000000,34836
40,776,27,5000000,34833
40,775,24,4000000,34829
40,774,29,3000000,34826
40,773,25,2300000,34822
40,772,17,2000000,34819
40,771,25,4000000,34815
40,770,28,3000000,34812
40,769,6,2300000,34808
40,768,15,2000000,34805
40,767,23,3300000,34801
40,766,10,2300000,34798
40,765,24,2000000,34794
40,764,37,2000000,34791
40,763,20,27000000,34787
40,762,27,22000000,34784
40,761,22,18500000,34780
40,760,16,15500000,34777
40,759,22,13000000,34773
40,758,16,10800000,34770
40,757,15,9000000,34766
40,756,27,7300000,34763
40,755,14,6000000,34759
40,754,22,4800000,34756
40,753,27,3700000,34752
40,752,38,2600000,34749
40,751,30,2200000,34745
40,750,14,2000000,34742
40,749,20,2000000,34738
40,748,35,10000000,34735
40,747,37,8200000,34731
40,746,30,6700000,34728
40,745,36,5500000,34724
40,744,14,4400000,34721
40,743,21,3400000,34717
40,742,25,2500000,34714
40,741,28,2200000,34710
40,740,21,2000000,34707
40,739,18,3800000,34703
40,738,26,3000000,34700
40,737,34,2400000,34696
40,736,20,2200000,34693
40,735,18,2000000,34689
40,734,25,5500000,34686
40,733,23,4400000,34682
40,732,22,3400000,34679
40,731,27,2500000,34675
40,730,22,2200000,34672
40,729,34,2000000,34668
40,728,19,3500000,34665
40,727,18,2600000,34661
40,726,24,2200000,34658
40,725,24,2000000,34654
40,724,35,10500000,34651
40,723,19,9000000,34647
40,722,18,7700000,34644
40,721,17,6600000,34640
40,720,18,5500000,34637
40,719,22,4400000,34633
40,718,16,3400000,34630
40,717,37,2400000,34626
40,716,17,2200000,34623
40,715,24,2000000,34619
40,714,38,11500000,34616
40,713,18,9700000,34612
40,712,33,8200000,34609
40,711,28,7000000,34605
40,710,25,6000000,34602
40,709,34,5000000,34598
40,708,29,4000000,34595
40,707,28,3200000,34591
40,706,24,2400000,34588
40,705,28,2200000,34584
40,704,22,2000000,34581
40,703,23,7000000,34577
40,702,32,6000000,34574
40,701,26,5000000,34570
40,700,14,4000000,34567
40,699,11,3000000,34563
40,698,27,2400000,34560
40,697,24,2200000,34556
40,696,30,2000000,34553
40,695,32,3000000,34549
40,694,17,2400000,34546
40,693,12,2200000,34542
40,692,34,2000000,34539
40,691,29,8800000,34535
40,690,30,7500000,34532
40,689,29,6500000,34528
40,688,26,5500000,34525
40,687,22,4500000,34521
40,686,33,3700000,34518
40,685,32,3000000,34514
40,684,16,2400000,34511
40,683,22,2200000,34507
40,682,33,2000000,34504
40,681,28,2400000,34500
40,680,24,2200000,34497
40,679,22,2000000,34493
40,678,9,2000000,34490
40,677,31,2400000,34486
40,676,11,2200000,34483
40,675,35,2000000,34479
40,674,21,2400000,34476
40,673,18,2200000,34472
40,672,39,2000000,34469
40,671,20,2200000,34465
40,670,26,2000000,34462
40,669,31,6500000,34458
40,668,30,5500000,34455
40,667,36,4500000,34451
40,666,29,3500000,34448
40,665,12,2500000,34444
40,664,32,2200000,34441
40,663,21,2000000,34437
40,662,26,7500000,34434
40,661,24,6200000,34430
40,660,36,5200000,34427
40,659,35,4200000,34423
40,658,12,3400000,34420
40,657,17,2600000,34416
40,656,31,2200000,34413
40,655,22,2000000,34409
40,654,32,2000000,34406
40,653,23,2200000,34402
40,652,22,2000000,34399
40,651,26,19500000,34395
40,650,40,16600000,34392
40,649,31,14600000,34388
40,648,35,12800000,34385
40,647,34,11000000,34381
40,646,27,9500000,34378
40,645,36,8200000,34374
40,644,36,7000000,34371
40,643,27,6000000,34367
40,642,22,5000000,34364
40,641,28,4000000,34360
40,640,25,3000000,34357
40,639,20,2400000,34353
40,638,33,2200000,34350
40,637,36,2000000,34346
40,636,23,2200000,34343
40,635,37,2000000,34339
40,634,21,2000000,34336
40,633,9,12400000,34332
40,632,11,11000000,34329
40,631,20,9600000,34325
40,630,26,8300000,34322
40,629,24,7200000,34318
40,628,24,6300000,34315
40,627,36,5200000,34311
40,626,15,4300000,34308
40,625,10,3600000,34304
40,624,31,3000000,34301
40,623,33,2400000,34297
40,622,39,2200000,34294
40,621,27,2000000,34290
40,620,40,6000000,34287
40,619,26,5000000,34283
40,618,35,4200000,34280
40,617,32,3400000,34276
40,616,21,2800000,34273
40,615,34,2400000,34269
40,614,28,2200000,34266
40,613,28,2200000,34262
40,612,24,2200000,34259
40,611,23,2000000,34255
40,610,17,2400000,34252
40,609,26,2200000,34248
40,608,20,2000000,34245
40,607,20,7600000,34241
40,606,28,6500000,34238
40,605,19,5600000,34234
40,604,24,4700000,34231
40,603,8,3800000,34227
40,602,20,3000000,34224
40,601,36,2400000,34220
40,600,29,2200000,34217
40,599,23,2000000,34213
40,598,27,7700000,34210
40,597,20,6700000,34206
40,596,23,5700000,34203
40,595,30,4700000,34199
40,594,31,3800000,34196
40,593,32,3000000,34192
40,592,38,2400000,34189
40,591,35,2200000,34185
40,590,30,2000000,34182
40,589,32,2200000,34178
40,588,16,2000000,34175
40,587,23,2400000,34171
40,586,26,2200000,34168
40,585,36,2000000,34164
40,584,28,10700000,34161
40,583,17,9400000,34157
40,582,37,8200000,34154
40,581,30,7200000,34150
40,580,34,60000000,34147
40,579,25,4800000,34143
40,578,31,38000000,34140
40,577,38,2800000,34136
40,576,26,2200000,34133
40,575,20,2000000,34129
40,574,20,16000000,34126
40,573,17,13500000,34122
40,572,29,11000000,34119
40,571,30,9300000,34115
40,570,36,7800000,34112
40,569,20,6400000,34108
40,568,27,5200000,34105
40,567,33,4200000,34101
40,566,16,2800000,34098
40,565,26,2800000,34094
40,564,30,2200000,34091
40,563,35,2000000,34087
40,562,14,2000000,34084
40,561,25,4500000,34080
40,560,25,3800000,34077
40,559,9,2800000,34073
40,558,32,2200000,34070
40,557,31,2000000,34066
40,556,27,2000000,34063
40,555,10,5500000,34059
40,554,25,4600000,34056
40,553,19,3400000,34052
40,552,23,2700000,34049
40,551,24,2000000,34045
40,550,14,1200000,34042
40,549,28,1000000,34038
40,548,21,1000000,34035
40,547,10,1200000,34031
40,546,20,1000000,34028
40,545,11,2000000,34024
40,544,23,1300000,34021
40,543,14,1000000,34017
40,542,14,1300000,34014
40,541,18,1000000,34010
40,540,26,1000000,34007
40,539,24,1300000,34003
40,538,17,1000000,34000
40,537,27,2000000,33996
40,536,26,1300000,33993
40,535,15,1000000,33990
40,534,12,1300000,33986
40,533,33,1000000,33982
40,532,27,2500000,33979
40,531,25,1900000,33975
40,530,29,1300000,33972
40,529,16,1000000,33968
40,528,33,3500000000,33965
40,527,34,2700000000,33961
40,526,25,2000000000,33958
40,525,28,1300000000,33954
40,524,23,1000000000,33951
40,523,28,1300000000,33947
40,522,25,1000000000,33944
40,521,26,4400000000,33940
40,520,26,3500000000,33937
40,519,23,2700000000,33933
40,518,27,2000000000,33930
40,517,22,1300000000,33926
40,516,24,1000000000,33923
40,515,31,3500000000,33919
40,514,22,2800000000,33916
40,513,31,2000000000,33912
40,512,23,1300000000,33909
40,511,32,1000000000,33905
40,510,18,2200000000,33902
40,509,29,1500000000,33898
40,508,19,1000000000,33895
40,507,8,2200000000,33891
40,506,24,1500000000,33888
40,505,19,1000000000,33884
40,504,28,8000000000,33881
40,503,23,6300000000,33877
40,502,24,5200000000,33874
40,501,20,4000000000,33870
40,500,29,3300000000,33867
40,499,16,2600000000,33863
40,498,18,2000000000,33860
40,497,25,1300000000,33856
40,496,33,1000000000,33853
40,495,21,1500000000,33849
40,494,8,1000000000,33846
40,493,26,3300000000,33842
40,492,15,2700000000,33839
40,491,14,2000000000,33835
40,490,15,1500000000,33832
40,489,13,1000000000,33828
40,488,30,1000000000,33825
40,487,19,1500000000,33821
40,486,33,1000000000,33818
40,485,30,2000000000,33814
40,484,29,1500000000,33811
40,483,18,1000000000,33807
40,482,28,3000000000,33804
40,481,24,2000000000,33800
40,480,20,1500000000,33797
40,479,28,1000000000,33793
40,478,18,3000000000,33790
40,477,20,2000000000,33786
40,476,9,1500000000,33783
40,475,28,1000000000,33779
40,474,18,4000000000,33776
40,473,17,3000000000,33772
40,472,27,2200000000,33769
40,471,20,1500000000,33765
40,470,9,1000000000,33762
40,469,21,6000000000,33758
40,468,19,5000000000,33755
40,467,14,4000000000,33751
40,466,25,3000000000,33748
40,465,29,2000000000,33744
40,464,36,1000000000,33741
40,463,31,1000000000,33737
40,462,19,1000000000,33734
40,461,27,1000000000,33730
40,460,29,1000000000,33727
40,459,28,1500000000,33723
40,458,14,1000000000,33720
40,457,13,1000000000,33716
40,456,23,1000000000,33713
40,455,11,12000000000,33709
40,454,22,10500000000,33706
40,453,22,8800000000,33702
40,452,36,7500000000,33699
40,451,14,6000000000,33695
40,450,24,5000000000,33692
40,449,32,4000000000,33688
40,448,18,3000000000,33685
40,447,28,2200000000,33681
40,446,18,1500000000,33678
40,445,22,1000000000,33674
40,444,18,3500000000,33671
40,443,25,2500000000,33667
40,442,23,1000000000,33664
40,441,17,1000000000,33660
40,440,23,8500000000,33657
40,439,28,6500000000,33653
40,438,19,5000000000,33650
40,437,22,3500000000,33646
40,436,21,2700000000,33643
40,435,16,2000000000,33639
40,434,21,1500000000,33636
40,433,23,500000000,33632
40,432,27,500000000,33629
40,431,4,500000000,33625
40,430,19,1000000000,33622
40,429,17,700000000,33618
40,428,33,500000000,33615
40,427,30,500000000,33611
40,426,16,500000000,33608
40,425,26,500000000,33604
40,424,13,1400000000,33601
40,423,24,1200000000,33597
40,422,20,950000000,33594
40,421,26,700000000,33590
40,420,33,500000000,33587
40,419,19,500000000,33583
40,418,18,500000000,33580
40,417,20,500000000,33576
40,416,15,500000000,33573
40,415,19,500000000,33569
40,414,16,1200000000,33566
40,413,17,950000000,33562
40,412,27,750000000,33559
40,411,19,500000000,33555
40,410,18,500000000,33552
40,409,19,500000000,33548
40,408,27,500000000,33545
40,407,23,500000000,33541
40,406,27,750000000,33538
40,405,24,500000000,33534
40,404,22,500000000,33531
40,403,30,500000000,33527
40,402,34,500000000,33524
40,401,25,500000000,33520
40,400,22,1350000000,33517
40,399,15,1000000000,33513
40,398,26,800000000,33510
40,397,32,500000000,33506
40,396,27,500000000,33503
40,395,25,500000000,33499
40,394,14,800000000,33496
40,393,19,500000000,33492
40,392,34,500000000,33489
40,391,23,1300000000,33485
40,390,17,700000000,33482
40,389,23,700000000,33478
40,388,24,500000000,33475
40,387,20,500000000,33471
40,386,24,500000000,33468
40,385,13,700000000,33464
40,384,15,500000000,33461
40,383,28,500000000,33457
40,382,30,550000000,33454
40,381,27,500000000,33450
40,380,27,500000000,33447
40,379,15,1000000000,33443
40,378,12,800000000,33440
40,377,17,500000000,33436
40,376,14,500000000,33433
40,375,31,1000000000,33429
40,374,18,800000000,33426
40,373,13,500000000,33422
40,372,19,500000000,33419
40,371,17,500000000,33415
40,370,27,500000000,33412
40,369,20,500000000,33408
40,368,20,500000000,33405
40,367,23,500000000,33401
40,366,21,500000000,33398
40,365,37,600000000,33394
40,364,15,500000000,33391
40,363,23,500000000,33387
40,362,23,500000000,33384
40,361,33,600000000,33380
40,360,25,500000000,33377
40,359,30,900000000,33373
40,358,15,700000000,33370
40,357,16,500000000,33366
40,356,24,500000000,33363
40,355,14,500000000,33359
40,354,10,500000000,33356
40,353,23,700000000,33352
40,352,21,500000000,33349
40,351,23,700000000,33345
40,350,24,500000000,33342
40,349,17,700000000,33338
40,348,29,500000000,33335
40,347,26,2000000000,33331
40,346,27,1600000000,33328
40,345,24,1200000000,33321
40,344,13,800000000,33314
40,343,22,500000000,33307
40,342,22,800000000,33300
40,341,33,500000000,33293
40,340,27,500000000,33286
40,339,30,1200000000,33279
40,338,16,1200000000,33272
40,337,32,800000000,33265
40,336,34,500000000,33258
40,335,29,700000000,33251
40,334,27,500000000,33244
40,333,27,800000000,33237
40,332,18,500000000,33230
40,331,11,500000000,33223
40,330,9,1200000000,33216
40,329,30,800000000,33209
40,328,20,500000000,33202
40,327,36,2400000000,33195
40,326,29,1800000000,33188
40,325,19,1300000000,33181
40,324,21,1000000000,33174
40,323,28,700000000,33167
40,322,21,500000000,33160
40,321,25,700000000,33153
40,320,15,500000000,33146
40,319,24,700000000,33139
40,318,29,500000000,33132
40,317,26,500000000,33125
40,316,20,700000000,33118
40,315,28,700000000,33111
40,314,22,700000000,33104
40,313,14,500000000,33097
40,312,26,500000000,33090
40,311,34,500000000,33083
40,310,28,500000000,33076
40,309,35,500000000,33069
40,308,25,500000000,33062
40,307,19,500000000,33055
40,306,20,500000000,33048
40,305,14,500000000,33041
40,304,23,500000000,33034
40,303,26,800000000,33027
40,302,27,500000000,33020
40,301,15,500000000,33013
40,300,24,500000000,33006
40,299,22,500000000,32999
40,298,8,750000000,32992
40,297,25,750000000,32985
40,296,24,750000000,32978
40,295,19,500000000,32971
40,294,17,500000000,32964
40,293,24,600000000,32957
40,292,26,500000000,32950
40,291,28,500000000,32943
40,290,20,500000000,32936
40,289,28,500000000,32929
40,288,22,600000000,32922
40,287,20,500000000,32915
40,286,27,500000000,32908
40,285,22,600000000,32901
40,284,30,500000000,32894
40,283,14,500000000,32887
40,282,16,2300000000,32880
40,281,14,2000000000,32873
40,280,23,1600000000,32866
40,279,29,1000000000,32859
40,278,25,1000000000,32852
40,277,16,800000000,32845
40,276,21,600000000,32838
40,275,17,500000000,32831
40,274,24,500000000,32824
40,273,22,750000000,32817
40,272,22,500000000,32810
40,271,22,500000000,32803
40,270,21,500000000,32796
40,269,14,500000000,32789
40,268,13,500000000,32782
40,267,24,500000000,32775
40,266,19,500000000,32768
40,265,28,500000000,32761
40,264,23,1050000000,32754
40,263,22,850000000,32747
40,262,27,700000000,32740
40,261,16,500000000,32733
40,260,21,500000000,32726
40,259,32,500000000,32719
40,258,21,800000000,32712
40,257,17,600000000,32705
40,256,23,500000000,32698
40,255,30,500000000,32691
40,254,15,500000000,32684
40,253,16,500000000,32677
40,252,29,500000000,32670
40,251,29,500000000,32663
40,250,20,500000000,32656
40,249,33,500000000,32649
40,248,33,1750000000,32642
40,247,18,1500000000,32635
40,246,15,1350000000,32628
40,245,19,1100000000,32621
40,244,16,950000000,32614
40,243,15,770000000,32607
40,242,36,650000000,32600
40,241,31,550000000,32593
40,240,13,500000000,32586
40,239,21,500000000,32579
40,238,29,500000000,32572
40,237,22,400000000,32565
40,236,33,680000000,32558
40,235,34,580000000,32551
40,234,27,500000000,32544
40,233,20,400000000,32537
40,232,27,400000000,32530
40,231,29,400000000,32523
40,230,24,400000000,32516
40,229,23,400000000,32509
40,228,23,400000000,32502
40,227,23,400000000,32495
40,226,16,400000000,32488
40,225,24,400000000,32481
40,224,27,400000000,32474
40,223,34,400000000,32467
40,222,13,400000000,32460
40,221,32,400000000,32453
40,220,26,400000000,32446
40,219,14,400000000,32439
40,218,20,400000000,32432
40,217,17,400000000,32425
40,216,32,400000000,32418
40,215,23,520000000,32411
40,214,26,520000000,32404
40,213,19,450000000,32397
40,212,29,400000000,32390
40,211,28,400000000,32383
40,210,29,400000000,32376
40,209,30,400000000,32369
40,208,24,400000000,32362
40,207,19,400000000,32355
40,206,17,400000000,32348
40,205,20,400000000,32341
40,204,23,400000000,32334
40,203,22,400000000,32327
40,202,20,400000000,32320
40,201,30,400000000,32313
40,200,17,400000000,32306
40,199,30,400000000,32299
40,198,18,400000000,32292
40,197,24,400000000,32285
40,196,20,400000000,32278
40,195,21,400000000,32271
40,194,19,400000000,32264
40,193,23,400000000,32257
40,192,24,400000000,32250
40,191,26,400000000,32243
40,190,18,400000000,32236
40,189,25,400000000,32229
40,188,37,400000000,32222
40,187,21,400000000,32215
40,186,20,400000000,32208
40,185,28,400000000,32201
40,184,24,400000000,32194
40,183,27,400000000,32187
40,182,16,200000000,32180
40,181,29,200000000,32173
40,180,23,200000000,32166
40,179,20,200000000,32159
40,178,8,200000000,32152
40,177,34,200000000,32145
40,176,15,200000000,32138
40,175,34,200000000,32131
40,174,30,200000000,32124
40,173,29,200000000,32117
40,172,29,200000000,32110
40,171,19,420000000,32103
40,170,28,370000000,32096
40,169,32,340000000,32089
40,168,32,0,32082
40,167,27,0,32075
40,166,27,0,32068
40,165,19,0,32061
40,164,16,0,32054
40,163,23,0,32047
40,162,21,0,32040
40,161,27,0,32033
40,160,27,0,32026
40,159,15,0,32019
40,158,28,0,32012
40,157,27,0,32005
40,156,17,0,31998
40,155,34,0,31991
40,154,21,0,31984
40,153,13,0,31977
40,152,18,0,31970
40,151,27,0,31963
40,150,19,0,31956
40,149,30,0,31949
40,148,17,0,31942
40,147,36,0,31935
40,146,23,0,31928
40,145,23,0,31921
40,144,30,0,31914
40,143,29,0,31907
40,142,6,0,31900
40,141,18,0,31893
40,140,22,0,31886
40,139,26,0,31879
40,138,12,0,31872
40,137,22,0,31865
40,136,22,0,31858
40,135,20,0,31851
40,134,31,0,31844
40,133,28,0,31837
40,132,30,0,31830
40,131,21,0,31823
40,130,29,0,31816
40,129,25,0,31809
40,128,20,0,31802
40,127,28,0,31795
40,126,20,0,31788
40,125,33,0,31781
40,124,18,0,31774
40,123,21,0,31767
40,122,27,0,31760
40,121,28,0,31753
40,120,25,0,31746
40,119,22,0,31739
40,118,19,0,31732
40,117,16,0,31725
40,116,5,0,31718
40,115,9,0,31711
40,114,25,0,31704
40,113,25,0,31697
40,112,20,0,31690
40,111,35,0,31683
40,110,28,0,31676
40,109,22,0,31669
40,108,34,0,31662
40,107,20,0,31655
40,106,28,0,31648
40,105,28,0,31641
40,104,21,0,31634
40,103,23,0,31627
40,102,18,0,31620
40,101,21,0,31613
40,100,19,0,31606
40,99,10,0,31599
40,98,28,0,31592
40,97,33,0,31585
40,96,27,0,31578
40,95,26,0,31571
40,94,27,0,31564
40,93,18,0,31557
40,92,27,0,31550
40,91,28,0,31543
40,90,35,0,31536
40,89,29,0,31529
40,88,17,0,31522
40,87,22,0,31515
40,86,22,0,31508
40,85,20,0,31501
40,84,24,0,31494
40,83,23,0,31487
40,82,16,0,31480
40,81,17,0,31473
40,80,29,0,31466
40,79,9,0,31459
40,78,21,0,31452
40,77,16,0,31445
40,76,21,0,31438
40,75,34,0,31431
40,74,31,0,31424
40,73,27,0,31417
40,72,8,0,31410
40,71,24,0,31403
40,70,21,0,31396
40,69,20,0,31389
40,68,35,0,31382
40,67,29,0,31375
40,66,15,0,31368
40,65,22,0,31361
40,64,19,0,31354
40,63,14,0,31347
40,62,22,0,31340
40,61,24,0,31333
40,60,26,0,31326
40,59,32,0,31319
40,58,28,0,31312
40,57,22,0,31305
40,56,21,0,31298
40,55,28,0,31291
40,54,27,0,31284
40,53,16,0,31277
40,52,22,0,31270
40,51,29,0,31263
40,50,28,0,31256
40,49,28,0,31249
40,48,32,0,31242
40,47,26,0,31235
40,46,29,0,31228
40,45,18,0,31221
40,44,21,0,31214
40,43,30,0,31207
40,42,31,0,31200
40,41,21,0,31193
40,40,9,0,31186
40,39,34,0,31179
40,38,27,0,31172
40,37,27,0,31165
40,36,27,0,31158
40,35,19,0,31151
40,34,17,0,31144
40,33,16,0,31137
40,32,27,0,31130
40,31,28,0,31123
40,30,22,0,31116
40,29,18,0,31109
40,28,13,0,31102
40,27,27,0,31095
40,26,26,0,31088
40,25,20,0,31081
40,24,22,0,31074
40,23,24,0,31067
40,22,14,0,31060
40,21,17,0,31053
40,20,31,0,31046
40,19,26,0,31039
40,18,26,0,31032
40,17,25,0,31025
40,16,22,0,31018
40,15,23,0,31011
40,14,32,0,31004
40,13,24,0,30997
40,12,32,0,30990
40,11,15,0,30983
40,10,25,0,30976
40,9,15,0,30969
40,8,19,0,30962
40,7,29,0,30955
40,6,31,0,30948
40,5,18,0,30941
40,4,18,0,30934
40,3,21,0,30927
40,2,30,0,30920
40,1,11,0,30913
